ID,DCR,FRE,LW,MER
voa-001c6ff0-9fb7-4d23-9bf3-a26929ee52c83,10.6015,40.1977,48.9007,19.6333
voa-0022123d-c8a7-405d-af97-b6a8aa7d110e2,8.8627,49.8635,55.7143,25.3
voa-005da417-c2ad-48f4-a08c-c0800f79d33c2,8.5681,51.9294,49.4364,14.6667
voa-00860f99-097f-4349-9691-fb435e27d3c31,9.3126,39.3885,56.701,14.8
voa-00da8787-0446-440f-8e43-a5b45215773f1,8.2722,58.8378,51.6484,17.9
voa-01068267-2295-4f16-8201-0fe7fcd014eb2,9.5981,51.9157,56.6667,23.9
voa-0157644f-3933-4e00-b40a-0096acdab6842,7.972,55.814,50.3133,19.7667
voa-0169d0ba-1c6f-492b-a479-92c7da461c7a2,8.9469,47.7069,54.1364,23.0
voa-01825248-a485-493f-bad5-fda948113aa93,9.7436,52.1885,56.4211,21.7667
voa-01be69a0-d74c-464a-bce7-1e76caaecb691,7.6788,74.8752,58.0,18.1
voa-01da2cf8-aec1-4d54-9b21-bcd360f348312,8.5748,57.7518,54.7742,17.7667
voa-01dc0158-15fe-40de-916a-09a1237678eb3,7.6299,54.4916,62.4211,41.5333
voa-01ff6468-468c-4d19-bcee-77b073c9e68d1,10.572,16.4596,44.5783,15.6
voa-0253c0d2-1d1a-482f-b886-1612d38172181,8.0596,69.6777,53.0,16.5
voa-02885ad8-e051-4430-b542-aaeb4a9a5d172,7.4622,72.2802,61.2964,22.2667
voa-02889067-82e2-416a-bca2-343099f381a81,7.142,67.8983,65.0,12.9
voa-02ac096c-29b5-4187-b719-8c98e87e5aa93,9.0507,52.3496,55.7104,23.2333
voa-02fb06ba-d57f-4ab4-ace2-37b4bced855f3,9.2836,42.6766,51.408,24.4667
voa-0348227f-0217-48ce-ac9e-277f103a731a2,8.2044,51.7989,56.6211,24.2667
voa-034fa7dc-a4c6-4ad9-b619-fc95481b92b11,9.24,45.977,44.0,20.0
voa-03abe405-0ac2-47db-83b1-d59e4971313f1,8.871,53.12,52.5773,22.7
voa-045457d5-d7d8-4331-a714-64d8c345745d3,10.0996,33.0885,49.4852,23.2
voa-04764b3c-da15-44da-afca-ab3295502bcf1,7.6802,56.734,55.0,24.4
voa-0494bc20-d6bc-4a3c-80b6-7a1a673f96bf3,9.2866,39.7611,52.2813,21.3
voa-0545a338-9629-4d19-8fab-3b29d784539f3,8.1244,68.5212,62.6409,17.8
voa-06526d3c-e9e0-4b4d-b3de-113d05c64b202,8.7124,49.3366,54.8728,18.8
voa-065a2bcf-33f3-4bc4-889e-e5adf9d4e7eb3,7.9811,66.7071,60.0978,15.9333
voa-06756f69-21cf-4579-b171-fb7776bbbf993,8.0041,57.8732,57.185,21.1333
voa-06838ce8-ca68-4363-af62-db0e3a9c69983,8.9718,53.61,57.8728,25.6
voa-06b5ff95-3ddd-4cdc-bd6e-0b12f60999ec2,10.331,33.0909,40.2778,23.8
voa-072edbdb-92fb-45b6-8d96-c88df61275893,8.7712,59.9289,61.6667,21.4
voa-07c12bb4-ab7b-40c4-be91-6ae0997228c11,7.0724,67.6905,60.0,17.1
voa-07ee7827-2277-4e4e-b1de-8c68fcccb9932,9.8067,42.2128,45.0,21.9
voa-0814e0f8-c383-436b-8f44-d2178873a2933,9.157,53.9046,56.3243,22.0667
voa-081eb797-05fd-49ae-9baa-38d28ec938a03,7.1324,74.0782,65.4278,20.0
voa-08207996-7ed4-4d13-8ea1-39e81a2df3673,9.7767,49.3864,62.3728,24.9333
voa-084ec6ec-6b81-45eb-8bfd-1838f9ba58143,8.637,53.3284,58.244,25.1
voa-08fcae98-6e95-492f-bda5-fda2f256c7f33,9.4711,35.3435,48.0,20.4667
voa-08fdabab-157a-4e41-8fb6-4c86919051621,9.3541,47.2926,44.0,16.8
voa-09a89fd7-4ddc-422d-b875-951b088cf3522,8.5665,59.5854,56.6599,21.9667
voa-0a0a661b-cbc7-4e30-9493-d1723148128c2,9.6174,57.208,54.6111,24.4667
voa-0a5c9d27-e7ad-4f28-82b6-be4a5a49a66e1,8.7804,60.4574,49.0,24.7
voa-0a6acc8d-d71f-4c20-b767-2c58e51814401,8.0173,56.7204,49.0,19.6
voa-0a7e3c05-6e5e-4c4e-a625-0064452f5c9e1,7.1776,67.4725,55.0,18.1
voa-0aa049e2-6943-41af-925f-56e675d67db31,7.9939,51.8813,49.3827,14.7
voa-0ad6b0e8-9104-48d7-8b89-29e8939208f63,9.5791,52.7303,54.1245,23.8333
voa-0b11d8c8-95dd-44d7-abe4-6bf5f3986b333,8.1421,54.1488,56.9302,23.6
voa-0b4dc213-be41-4137-87d3-0e9f7b8e44383,8.8512,49.7295,51.2352,20.4
voa-0b53f3b4-53e6-4e10-a37c-f40d638fb50b3,8.8047,50.3039,54.5074,19.0
voa-0b67f3c8-453e-422f-aa4f-9754a8a994573,9.2236,37.5352,48.3653,21.9333
voa-0b79ecf3-7c49-4297-bfa9-1f9a2c928d1f2,9.2124,49.1211,50.9425,24.5667
voa-0bc63f49-9a70-4ca7-8bba-1d5a1c2be4821,9.5459,45.0608,55.914,20.0
voa-0bdbab14-fdd9-49cd-a8de-2d8e123bc6a53,9.4048,42.722,52.3333,23.0333
voa-0c00ec41-127c-42a5-b86f-a4c3df9897161,8.5686,47.7903,57.0,22.2
voa-0c1f2167-b7b6-4654-a34c-ee77fafe70661,8.5664,43.1409,51.6854,17.6
voa-0c1f6f63-3615-4679-aa0f-742cea54cad33,8.7944,53.7528,56.0,20.3333
voa-0c35eed7-a115-4e58-b7c8-1a3ccb3b12e21,9.7299,49.3,54.878,14.7
voa-0c9c4c3f-8dae-45e2-91cb-1cf5ff31fcf82,9.4199,47.9868,48.4536,19.8333
voa-0d50c51b-bdc5-4401-8aca-ac915aeb660b1,8.8498,45.8211,51.6854,19.7
voa-0d81c141-7797-456f-a07e-f7c340eb72221,9.296,43.4516,51.5789,18.7
voa-0d9a37fa-8ed0-4b3c-a8ca-d77ea83c73cf1,9.7608,37.8073,45.0,19.7
voa-0e6d2147-2060-447c-9f7f-14fe6e30d9373,8.4466,60.4645,59.637,23.1
voa-0e80ceca-7e33-4c66-9105-1b20ed7125d82,9.1947,55.5801,54.1552,21.1333
voa-0f515c3a-a7f1-405f-b69d-74c921e2967e2,8.5163,68.3179,58.0609,17.2
voa-0fef1c76-dda5-4bf0-9ca8-818da08115e31,10.0526,37.3,51.7647,24.2
voa-1092d224-c9c7-4fcb-8af3-974490e6086c3,10.0196,50.8423,52.1608,18.6
voa-109b9e54-d09a-442f-bebe-6c80524577762,9.4064,51.7834,50.8064,22.9667
voa-114c0322-2ba1-4df3-b671-0fec64c59b202,8.0331,53.7843,55.0355,18.3667
voa-11743e18-4b9d-4feb-ab0c-1009c2a54a9d3,8.2253,62.5783,59.3162,23.6333
voa-11905aa0-c00b-4a47-8199-2e9d747ba60e3,8.4015,58.3585,57.503,20.7667
voa-11b7c083-3a57-4502-9e0c-750ad56020da2,7.8029,72.0723,57.3657,16.4333
voa-11e59dd5-2b42-494b-a707-270eb5ab9ebb3,8.8876,50.0755,53.5,21.2667
voa-11f5949f-5642-4612-b2a9-11d01eb704a81,8.7539,47.6797,47.6744,19.5
voa-12286a3c-dac2-446c-a100-2dea5cc5279f2,9.7421,42.695,52.3879,24.0
voa-1274a740-3242-42ae-b3d7-61245bc8ccff3,9.3014,46.3327,54.6921,20.1
voa-1294cb48-162f-4ba1-bf8b-c15e59d216d92,8.5505,56.1989,58.5169,23.6667
voa-12ac4ab0-6d5f-4a23-8dfe-03b41192d6b31,8.4052,59.1163,56.6667,15.1
voa-12b38737-08c7-4910-941f-7ab306f91a0f2,8.7417,54.1652,54.0758,20.7667
voa-12cbc8ba-2f52-4c19-8733-ef653cc6db862,8.6833,67.7027,64.2104,20.2667
voa-13751b81-b2c7-4922-9a1d-f7f8810670b91,8.8818,48.8628,51.5152,18.4
voa-13885571-82dc-41d9-96d7-b943770c24492,8.1938,54.342,52.6316,21.9667
voa-139b5197-0073-47f1-bd37-35288e94d5232,7.9781,54.6919,51.1111,18.0
voa-13a474a5-98ce-4801-b20e-69357a8b93cb1,7.6339,74.62,58.3333,19.4
voa-1473c555-8511-4229-9e8e-3c1dfca8fe8d1,8.3118,49.2696,59.0,13.4
voa-1496f708-5417-4732-8fa7-1e25744dc34a2,9.2411,52.7797,55.3239,24.2667
voa-1519f2b0-e369-4d69-991e-a4908ba3a2893,7.7168,60.3526,61.8018,27.4667
voa-1531f176-4397-4941-8575-ecf30d67eee13,9.5513,48.2539,52.6974,23.2333
voa-154b3e31-a0d4-4853-ae86-3f2e5bf3b9d22,8.83,51.9423,51.3129,18.4667
voa-15a18f51-da36-4a4b-a123-6cf361ab73962,9.0657,53.3425,52.5088,25.3333
voa-15be4ded-a738-4ed7-963f-6790c9184fac2,7.108,65.6986,58.3166,23.8333
voa-15e0b891-7bbd-4b42-9093-8c2b9ee9547d1,8.3254,49.7709,53.0,20.0
voa-15f2f188-8caa-49f3-a727-3b567d7d4a533,10.1809,53.6844,52.8547,22.0333
voa-16031afb-9b1b-4d62-ac16-87388f71e0a63,9.3295,50.6789,49.7618,19.3333
voa-164e6ce4-de02-44b8-abef-cb342222db4e2,9.1761,59.8479,53.7176,24.0667
voa-16966feb-cfe9-4102-99ef-e114b826e22d1,9.1264,52.9609,48.0,14.9
voa-16b5a863-2ab4-4886-a7e2-5334926a58001,7.0994,50.3969,48.9362,16.4
voa-16f70df0-763d-4661-9055-4399ef681b3d1,7.8948,60.8416,56.0,19.5
voa-17134f42-09d4-4508-8992-fab2516d3ed93,8.0483,53.9617,58.4583,20.3667
voa-171d44fc-27af-4bec-a108-f72de2d345202,10.1961,26.6861,42.6811,19.9
voa-175a24e6-4daa-4569-8f43-cfd2324fbc8e1,7.7478,52.0877,56.5217,14.6
voa-17879f81-d369-4f5d-bd51-1a48d82c94221,8.6582,50.1946,52.0,18.4
voa-17d58961-befc-4de2-a5f9-730e2746d3933,7.338,61.0559,57.9948,21.1333
voa-17e438db-ef2a-4ba8-95c4-c873018f195f3,7.7586,61.7416,59.6129,20.6333
voa-184182c6-f43b-41b5-8d65-87dc2b70dc761,7.7127,58.1651,52.0,16.4
voa-1855342b-1145-42ec-b4ba-df905b9fe3af1,7.084,62.3158,62.0,19.4
voa-18646a49-033a-4c54-8355-eed5459888aa2,10.0236,59.9219,63.8651,21.8333
voa-1882e80a-02a0-4322-912c-85b7415eee682,8.088,62.9246,57.7844,20.4333
voa-18fbe2b1-3614-45a9-83f7-34ced26f5c351,9.296,46.1232,48.4536,18.4
voa-1925c032-6d5a-4bd4-a6d8-9ef3ad0554d92,9.3569,54.8087,49.4552,18.7
voa-19cebd96-c39e-438c-96d3-87c70b1e63331,7.1399,62.6258,61.0,15.7
voa-19d5d56e-3a07-4727-bf25-de40e91053743,10.2306,42.1962,52.5182,20.9667
voa-1b384fcd-c926-479f-b2f8-8c54acab33323,8.5939,51.3105,59.1156,28.1667
voa-1b3e8d5d-0f30-4f67-aa24-8221986a0be72,7.4545,64.9978,57.5152,18.4
voa-1b4224d9-9813-4cbd-bf79-be63f0d849ca2,6.9638,64.4035,60.5167,17.6667
voa-1b6ea297-899d-4e7c-a73c-d73c5650f2403,10.2339,35.1028,48.9679,25.4333
voa-1b7adede-ebbd-4cf4-a8a3-0e1cea9b52732,8.4941,71.1711,61.1053,16.4333
voa-1ba0394c-8171-446e-b489-c34d6b6727053,8.5829,58.0938,60.5426,20.8333
voa-1bdd1a6f-f8af-487a-ac0b-090f5234e3c61,8.719,46.2463,59.1837,19.0
voa-1c0a0df2-a6ef-4c75-a7e6-232840a2cc583,7.6211,59.8938,57.0388,21.6333
voa-1c2c3f9c-c0ac-4bbd-98c8-0db65d0fb6db1,7.9744,56.8238,51.0,22.9
voa-1c63fe74-7ce2-4085-a74a-0e23a29473f32,7.8435,68.9168,62.2063,20.5667
voa-1c6e0b85-fed1-47ab-8101-4159588a781b3,9.1337,50.3521,54.8938,21.2667
voa-1cd0ce76-3322-4541-8d68-0b2fa2c9bd883,8.5058,48.7566,53.2162,20.9333
voa-1cdc931c-e023-487e-a6d3-681c6006e2ce3,9.2169,57.4997,57.749,25.6667
voa-1d4de85a-0e42-4166-81bb-93befb1e59662,9.8649,46.9915,46.0922,22.3333
voa-1d591681-3732-4c00-aef7-99a59df276271,7.6529,67.05,52.0,16.3
voa-1d8864cf-92aa-4327-8765-6f5e8f701a9c1,7.6858,60.705,55.2083,16.5
voa-1da68087-5993-4c67-b302-f85d57286f823,9.2206,57.6428,57.1014,19.2
voa-1dcb913c-d6e2-43f5-a07b-486bdd91664c3,7.8568,59.9708,54.6749,17.8
voa-1dd56e5f-3bb6-45b3-a333-72b18fbca2ab3,9.4861,47.418,52.9711,22.6
voa-1e1e8c01-7379-4670-93de-1f85e767e5272,7.6858,64.9156,55.6491,16.6333
voa-1e9dfdf8-e946-4874-b983-44ea22ab261e1,7.435,59.8442,57.0,16.9
voa-1eaee3fe-2a53-4b5d-b90e-c539f17ae4dc1,8.2005,45.9823,53.1915,17.9
voa-1ebd7c81-6e87-48ed-be89-8e2fbcf26ba13,8.9689,51.8077,52.3799,22.9
voa-1ed0ec09-f3ec-490a-9be4-fce8679a3f042,8.6167,61.4388,66.0,20.8
voa-1eda00e2-9b69-47e7-aba8-f2eaa4c6c7f12,10.1434,45.5387,49.0635,23.3333
voa-1f10abe5-6582-4f8a-8f00-8e0cf676242e2,8.2876,70.2193,58.0,19.2
voa-1fb8915a-d428-4595-ac1b-1ea7ccc635b43,8.3949,59.3597,59.3194,21.5667
voa-1fe3dde1-9ea7-41f5-bad3-f4ade25180d43,9.985,31.7961,50.6119,28.6333
voa-205c8db8-d83a-4f3b-b7b9-be1822cf4bc73,9.5857,45.3035,54.5969,23.2333
voa-207ad1a1-b062-4ca4-9964-eea08c0aeba22,9.6267,40.8706,48.9574,22.7
voa-212e84bd-2735-4798-b29c-fbf6dbb010002,8.737,64.1459,58.9298,18.0
voa-21df68b1-d9fc-48f4-924d-0ff6d93a02e22,8.7504,62.0182,58.2437,20.1
voa-2210c9a2-a818-45b6-bba6-85f0f9ba5b8a1,9.0787,49.0761,43.5294,18.5
voa-224b1128-bf90-441a-bd23-a4466ca318d43,7.8695,67.1341,68.3275,22.3667
voa-22828cdd-aca7-4676-947e-9793349358261,8.9662,51.4004,59.7826,18.0
voa-22978ae0-02cb-4529-832c-745c1cf6fc2c2,8.7043,53.9499,52.0055,22.5333
voa-232641dd-f379-4fcd-a94b-d7116cb4dbe51,8.1661,68.8041,57.0,19.0
voa-23b4daf8-2725-432f-865c-f7de02b88f9d3,10.3271,34.3512,49.1215,18.4667
voa-23db8ab0-163e-46b3-98b5-86ad8bb137df2,8.0399,62.6372,51.0,18.4
voa-24193371-7c91-47a9-b718-85abc0f8503f1,6.4213,70.563,62.0,17.3
voa-24579149-323c-4c06-b0cd-fb488cd90fc52,7.7992,56.477,60.0536,25.2333
voa-249bbd68-29c4-4070-a381-292d59f515973,10.2063,33.0173,45.6454,21.2333
voa-24d6feed-2185-48c0-ae6c-6bb0d150d3de2,8.3878,56.2986,52.2799,18.0
voa-2563c0c8-2cd1-443a-9b9d-6bee8f251af93,8.6618,56.5562,60.3188,21.9
voa-260a8eca-2c1e-484e-b2d6-8bc95c72d36f1,9.8585,42.7576,48.9796,19.7
voa-269241aa-3763-4916-96cf-d68c71a1d7311,8.19,67.0869,55.0,16.0
voa-26a24191-a23e-49ec-a79a-69d8f30fc89c1,9.4061,51.3643,64.7059,23.2
voa-26bb9d79-2d41-4f21-823d-a024c417bc1c3,8.0459,62.6228,58.3255,21.4333
voa-26e2dcd0-3465-49e7-b470-89f739a843043,8.2877,60.6758,61.3456,21.8333
voa-2711b647-c3af-4029-8705-21b242fde5a61,9.0681,52.7503,50.0,15.2
voa-2753932d-a697-42ab-b753-20c5e286e36b1,8.6192,48.6114,51.6484,17.9
voa-2864038e-8d69-4478-a736-0303777ebef32,8.0588,62.3798,60.0768,18.4333
voa-28e60226-a2c3-4136-a4ed-fb241f83858d2,10.2738,39.2498,44.3469,20.5333
voa-291361e8-8045-4cc8-bc66-dba6f3c2b3191,8.0307,65.9952,57.4468,18.4
voa-29382720-65b4-4af8-b728-dc594075bfa61,8.5301,54.0347,52.2727,18.2
voa-29a31452-0b29-479e-9152-16b9933deff81,8.2508,63.5088,61.4583,16.5
voa-2a3e42a2-e6dc-4e38-ba5e-31382e2c15431,6.5037,69.5509,56.0,15.9
voa-2a56527e-67d0-48fc-9d9e-44f37cbd4ced3,8.835,52.3891,58.1145,23.8333
voa-2aabcc95-c622-4734-a734-d825e73175401,9.1671,49.9475,47.5,21.6
voa-2b13f7c9-8bf8-477d-ad69-46c3f80fdfd22,9.2669,42.2749,45.932,22.8667
voa-2b581f13-125e-4f84-ab6b-027f38ffdcd03,9.3475,47.0642,52.6472,23.9333
voa-2ba7b067-3262-4a5e-ac96-edbc33fe9d013,7.3114,73.0921,65.0403,16.7333
voa-2bb6baf2-0817-466f-84ef-9bf3d0443ce73,7.6679,56.4533,60.7354,20.1667
voa-2bd7b858-fe6a-47a4-9bcb-ab842b73e6673,8.1528,57.5294,56.1599,24.2667
voa-2df58681-c092-4834-8c85-a9d1037099733,8.7063,50.5956,52.2691,18.7667
voa-2e7e535a-2e09-47ea-93ba-97c2709891762,9.2156,51.1694,54.6121,23.0333
voa-2ec8a35d-7120-4a9b-afbd-01d9603cd97c1,9.3541,47.2926,53.0,16.9
voa-2ef4dab0-fc07-4781-aa45-5d5d82d5116e1,8.4025,51.4983,52.0,21.6
voa-2f742f56-b2fd-4078-89da-a497a0d305ff2,9.9422,47.5092,51.5221,20.3667
voa-2fd93f25-b5db-43ab-bb2b-fefb497e47851,9.5446,45.0477,53.8462,18.0
voa-301175ec-cef4-490e-a883-14589e2fb6842,6.954,74.6265,59.9775,13.3333
voa-30b8b8f3-afc3-4df3-a1da-94e7059464141,7.3334,63.8221,60.0,17.2
voa-310bdc78-24b0-4717-b2e1-d6174c23d5aa3,8.4802,58.4193,54.0672,20.1333
voa-3164ebe4-e211-4304-a3c8-b2ddea08fb882,8.7415,44.6819,49.6492,24.2667
voa-31d90878-eb47-4f90-a338-eb3c717fb9791,7.7889,61.4246,59.0,14.9
voa-31eceaa3-4951-48de-801b-5c67fae520ef1,8.5114,64.1265,58.1395,16.6
voa-320e9280-fcb5-4c46-9c68-a6fc4137438b1,7.8191,68.0642,54.6392,17.8
voa-32612835-5d65-48d0-a83a-13c50beb95b82,9.3363,40.8571,50.1582,24.4667
voa-326efa3f-6eb4-44ea-88e0-c36a148ca2613,8.6204,50.6132,53.8196,25.0333
voa-328566b5-b92d-4e09-9e79-9e3d45afd3172,8.6257,54.5593,51.8324,14.5667
voa-32ce4d57-2782-4e44-a377-5968dee0413c1,8.3275,59.1632,57.0,17.6
voa-32d9d761-5d97-4326-859a-af6c9f53313c2,8.6868,53.5231,48.162,16.5333
voa-338ea1af-195c-4299-8683-c84726a27c243,8.7229,58.7002,58.817,22.5667
voa-339094a6-0b61-4481-81c5-35ad0aa0b17f1,7.3005,59.3391,49.0,20.1
voa-33d46c56-cc5c-4db5-ae9d-37932aac3a391,9.7416,49.0434,45.2381,15.3
voa-33ff4d29-8896-4db5-8350-0a0f5c25d6393,6.6604,74.5687,71.3333,18.6
voa-34189531-e603-4919-8aaf-58b479df21a92,9.7493,50.43,54.7312,19.8667
voa-34402211-0341-4e93-abe6-2789cba221ff1,7.8966,62.9874,60.0,18.5
voa-34569e48-5d88-4c53-8dab-a46e895856721,7.5481,63.7761,56.0,14.2
voa-3471f420-289e-4f26-a6c2-7364792207fd1,7.2572,69.8367,62.0,16.6
voa-34ae8502-5302-48e1-ba52-4a5622335f231,8.3378,63.6715,54.0,18.9
voa-351080bd-4dcb-4055-819c-8c44cf07f1553,8.0471,60.1283,51.5116,16.4
voa-351d2b6d-d1c0-4be5-a6c8-17461d462b531,8.2235,55.1611,49.0,15.0
voa-35375458-065f-4323-8f7d-72ffa36eadf41,8.1916,69.6433,54.0,18.4
voa-3580d6ff-968a-4481-9da3-f691731cf32b2,9.6287,48.4476,58.7699,23.5
voa-3596e4b4-f237-48ad-ac36-e959d611dcba1,8.6603,63.125,52.2222,18.0
voa-35c9fd1a-bd31-480e-b68b-bbb1c1cdf4c12,9.0519,50.2666,46.0,19.0
voa-35d9bb5e-1eb7-4134-9a58-e76a589febeb2,9.4762,55.2158,53.7167,20.6
voa-3696b945-a315-4753-b8fa-25ea44e16f521,7.6811,76.8063,59.0,14.7
voa-37296754-3292-4a1a-b293-6f0be869769f3,8.7426,57.614,59.1354,26.3667
voa-374f03dd-ec43-4a96-9bf3-cb5087965a9a3,8.0326,59.5969,59.6444,24.2333
voa-37630778-8aed-4b5d-a262-7e0e1702ee752,7.5366,69.4463,63.5803,19.0333
voa-376eb1d9-772a-4421-b938-9fe619d2dd301,7.324,60.4872,56.044,15.1
voa-37cb3a98-1e8d-4217-a365-700c14cfebd12,8.9065,54.4701,57.8788,22.3
voa-3848c644-59e3-4a9e-977d-77a80108b0bb1,8.0064,64.2982,53.5354,19.1
voa-38d420ba-bb95-4bca-9d1a-8216b9c95a933,8.8721,55.8249,60.3327,22.2667
voa-3916c3b9-07cf-46a7-913c-9b5a8cb210cd3,8.9218,54.0058,55.6692,18.7333
voa-39c900ea-c07f-44aa-9c38-434893b5a8b42,8.2396,58.1676,58.6667,18.6333
voa-3a12bda3-325b-4c51-b6eb-96f3fcc85dbf3,9.9787,45.1916,51.4819,23.5667
voa-3a3e3bec-83d5-4f41-84a5-414b4bf254052,8.3659,67.2284,59.3586,22.7667
voa-3a92239a-3a6c-4e4d-9f27-1e1589f6d9473,9.021,64.0301,61.3614,17.7333
voa-3a9df66f-98fe-4933-88a4-96dad679fb7c3,8.1998,63.0363,59.3539,19.8333
voa-3ac47ead-dba7-440a-88af-89494810a8c33,9.6781,48.9401,54.9613,22.4667
voa-3b6c3615-37c5-48d9-8a6a-88097b90fb772,7.8197,62.2565,57.0,19.9
voa-3bd1b65c-aac9-4642-b9ad-dede30091bf13,9.4037,48.8403,54.6803,24.5667
voa-3bdb88d9-98ae-44c3-ba05-c6ab38d7f4813,9.4497,39.95,49.5046,19.7
voa-3c1995d2-def1-4693-83b9-0c303e70ef2a3,9.4693,40.0708,45.5397,22.6333
voa-3c4fd78a-adcb-47f4-8cce-a652149b489e3,9.4984,53.5672,59.7368,22.5
voa-3d304d0d-b632-4c8e-b7fa-120a6af03fa01,8.729,40.6502,47.9592,14.9
voa-3d3188b0-1ea6-4c13-b9a8-897a65c68eb91,7.0879,74.4536,62.0,19.3
voa-3ddeec3b-5e32-4ede-ac52-14e485b8f8f41,8.4769,62.1173,53.0,14.3
voa-3e758059-1acb-4494-9cfe-991988e828be1,7.7407,61.4135,53.0,22.1
voa-3eac936f-d360-4ad3-8543-df0c02e07cf73,7.3865,59.8713,59.8451,26.0
voa-3f7959c6-a4fb-413e-98f9-1cb47c0799121,8.5932,44.865,50.5155,19.0
voa-3f7c5014-14ab-4a69-bfe2-12e9f566442e3,9.6426,57.3364,57.801,22.2333
voa-402dfa62-2246-40e2-bc61-618a1557e1b62,8.9321,49.4753,49.6969,20.6667
voa-403180c7-2fb3-4a60-8812-a34d61d73c782,8.2845,57.0392,54.2249,20.1
voa-40bb27ee-3c77-4fb7-9720-7272d3e3b5021,7.9333,64.71,54.0,20.3
voa-418c9b02-e0a7-4c09-9cd0-b3107bc6cc261,8.5552,42.5764,47.0588,16.9
voa-41c23879-3cc4-4137-a0ab-db6f67ecea272,8.2053,64.5304,59.1746,17.6333
voa-421a3498-00c5-4be7-b845-fd1c3f1497563,9.6912,47.4244,51.7663,22.4
voa-421e1afb-63d2-412b-bd3b-db0e357f87f32,9.1426,53.4457,53.0278,18.5333
voa-4241136d-2149-4b0f-8660-49961c8a075e3,9.0844,62.7515,49.5303,19.0
voa-4244c9fd-2ad7-40c0-a789-11e3f9404eb31,9.1807,48.3863,60.0,17.5
voa-4244de3f-fbbc-47b4-834f-2b2158c7cb063,8.5077,58.3469,54.9848,20.4
voa-427c3343-16db-4c6e-8a17-d992d7f3dddc1,9.3868,45.8231,50.0,16.3
voa-42b54578-a6ed-4b91-ab16-8c17ad8498863,9.5372,44.1618,52.4165,25.8
voa-42c3f9cc-811f-4fa0-89b5-7e2d6c1e46591,8.9785,59.6128,55.0562,14.6
voa-433ec9a3-ffcf-4789-8e6d-f0ece19d63513,9.176,45.936,53.2629,18.4667
voa-43d6a6a1-1d67-42b2-b3d3-eed5f5e9eb172,8.6449,54.2401,56.8369,24.0667
voa-43f5c64c-b20e-4957-b316-09de79be371f1,7.8868,62.2717,54.0,15.4
voa-43f604a8-f332-4692-bd74-4da8881e88ea1,8.1954,67.6701,57.0,14.8
voa-441937e4-49aa-4f3c-9123-13107cc9a0743,9.2216,57.4954,58.7484,19.4667
voa-4433b82f-225a-4e1a-8b8b-e86974d08eb81,7.9484,66.7711,51.6129,16.4
voa-444b1442-6da9-4779-a851-cb72e88d72f72,8.613,55.0852,54.4559,23.9667
voa-444d6f2f-96f4-477e-a28d-37d8c1cf3e361,7.9052,59.492,54.0,21.6
voa-445efbb2-7ea7-40fa-aa55-8edd16b6ce863,8.5388,52.1566,53.4132,20.1667
voa-44634dc6-c222-41e8-aa65-dae9563dcfec3,9.1946,47.0174,55.1685,18.4
voa-44ac1e7e-a096-437e-9dd3-9300af70a7212,8.025,53.6716,53.9787,23.6667
voa-44c10cd7-1222-4cf0-a48a-3308a9742bf23,8.7858,51.311,55.0599,21.3
voa-455d8a64-9dd5-4cd6-8cc0-b9ffc7ec69f83,7.8592,60.4039,62.1739,20.2667
voa-457b11a2-ba5b-4629-aebc-7c6dd9f2f7e22,9.651,55.1881,50.626,23.1667
voa-45a6b9e2-27e9-42b5-83b6-0944d7d325b52,8.9062,49.2777,51.1407,22.0333
voa-45e56790-ea9f-4f9d-a6ac-1fc091d9913c2,7.7042,55.7103,53.004,19.8
voa-45ed1200-9be6-4c45-9146-fa5d0c68d6571,7.4659,76.2983,67.0,21.5
voa-45ef9bb3-1a1f-4457-b733-b7358cdc728e2,9.4253,51.5594,50.375,20.4667
voa-45fb5064-de2d-4af3-8c66-9ef7323d713b2,9.4336,42.0875,49.593,20.3667
voa-46ba71ae-2fb6-468a-b414-dcde57baabf02,7.551,64.0031,61.4545,21.0333
voa-46cb5321-3b59-427a-8b75-fc7291e21b8d3,9.5186,49.2972,51.1667,22.9
voa-46daf01d-0a6e-4416-b900-3d2b19850b8a3,7.7338,63.9477,57.7192,15.8667
voa-47210464-e42f-430f-bdd1-243f3128698d1,9.1514,58.7875,54.0,17.3
voa-4754edc9-63a8-4c1f-ab59-3933dd2cfcc22,8.0349,65.1196,59.848,23.5
voa-47ce12ac-0dcc-4ba4-8b99-a9271ff7bb303,8.6577,50.5244,50.1228,21.5667
voa-47ddc840-c549-48d4-b429-556c3a6178183,8.7677,55.6835,57.5934,21.2667
voa-4829b452-eadb-4696-8cee-378949e0c0042,8.707,52.8889,59.0,21.1
voa-483c2e04-e6bf-458a-a417-d8c5fb7af39a2,10.3476,47.0261,49.659,21.6
voa-48956037-ae72-4d48-af93-39a9c95646751,7.211,67.1124,67.0588,15.9
voa-48957776-abd6-4164-872f-a1e3972e5c8b1,8.3078,55.5627,56.0,19.1
voa-4898f08b-1b09-4b78-aee7-88de86fb90442,10.227,43.8783,48.4795,20.9333
voa-48b4ce85-7276-4f98-bfb9-80bb8794433d3,8.3614,68.2617,61.4091,18.9333
voa-48c78729-3ef6-4bee-9b15-cea182bf59872,8.9302,56.3258,60.3636,22.7333
voa-49256943-256b-432d-a042-8836ff2c1ac12,7.5776,69.957,61.5978,21.7
voa-497f2ee5-bce7-4348-b333-22bd78d977df2,9.1255,49.4709,50.0832,23.6
voa-49f247c3-1050-458a-a788-e57cb46da5072,9.4938,46.032,54.1818,29.5333
voa-4a6b4931-5736-42f8-af23-3512f00d034a1,7.7708,49.2713,55.2083,18.7
voa-4a723504-f4ef-44ac-beee-32a2088b90a22,9.9506,45.1723,50.575,20.5
voa-4b33e247-5118-4569-92c7-634f9ec28db01,6.5212,65.4522,62.0,20.1
voa-4b78dbd0-e620-40b8-aca5-b55dc09c58771,8.7125,44.77,53.4884,23.4
voa-4baec9e1-8ca4-489d-b477-ab47852e0d522,8.1166,56.0225,58.0775,22.0333
voa-4c1c0601-eb54-452b-a4a1-46145b30633a1,9.2241,44.3157,51.2195,16.3
voa-4c52ca09-8515-4e92-805b-b006301d71fb3,8.1185,57.9587,57.5417,22.9333
voa-4c64e75f-1c06-4d01-82fc-8685f01be7562,10.4571,41.8834,48.6667,25.4667
voa-4c83d801-5387-4ca3-ac61-6e482ad2f5e41,7.907,61.1787,56.0,23.1
voa-4cd300aa-c366-481b-9408-1d7fbde3f8a41,8.2508,50.0088,53.1915,16.6
voa-4cdc93a0-c4b8-418c-b37c-143ddd4025652,8.6592,58.226,50.0,17.1
voa-4ce5d530-5232-4f25-b6e4-7b76485fb0ad3,9.2116,46.2851,52.5627,19.9667
voa-4e2acb94-f336-46ae-a187-bdf5765ac02c3,7.5337,66.9353,69.1422,26.5333
voa-4e2fcaec-1148-448d-8217-36773d1e56d53,6.9269,68.3017,64.7724,22.0333
voa-4e5ab640-f996-43e0-9138-e170a902b4883,8.1513,62.267,57.1927,15.3667
voa-4e649014-e259-4542-be8f-2b994293b0853,8.1183,59.2112,56.7426,24.1667
voa-4ec7f3d0-695a-41bc-b391-5ccb71b1a7281,8.8423,50.1862,54.0816,19.6
voa-4f161b60-c809-4630-87b2-1fe3dcbe15282,8.7993,56.3197,63.0272,22.6667
voa-4f1f0402-8ccb-446b-9f0c-c2106f3a53ec3,8.9708,48.8071,53.1373,17.8667
voa-4fbaefe5-b4cd-44a9-bb10-60a38e3435cd3,7.8708,60.8423,57.6667,18.6
voa-4fc831eb-110d-4098-822b-ae84906162962,10.1239,48.9749,50.3193,20.8667
voa-4feea221-4996-4910-994e-9c7d57b6dd7c1,9.8419,39.5298,48.3146,25.6
voa-503cc6a4-83d2-4b86-a9aa-ef1ed6d9505b3,6.6876,68.229,63.4272,13.8
voa-504ace6e-ce54-4b1d-b590-517b0508cd482,9.5644,46.4692,52.5408,25.5333
voa-511597b8-be35-4621-abf2-f9a9025e8c0b2,9.1178,49.8153,49.0,21.2
voa-51541393-b8c0-42c9-900f-5e91e3c1daf01,10.1476,52.8663,51.0,22.7
voa-5179050a-d97c-4e88-84ea-b97e7557d9b62,7.3975,69.1776,67.7119,17.8333
voa-51abff72-36de-42f4-9d8f-4be99bbf9b553,7.9564,57.4617,61.1543,20.9667
voa-51ba9920-8aed-4dc3-8fd6-df411fd327871,8.3776,39.9013,50.5051,22.3
voa-51eb594c-7d24-4557-98c0-b8b2d2b98e4d2,7.7359,57.804,56.915,19.9333
voa-52829927-9600-456e-bd64-791e7ec32e131,9.4417,66.365,60.4396,25.0
voa-52b8ec86-7ac3-460e-95f1-c87bb025a0d22,9.6476,49.9423,48.4328,17.8333
voa-53020fdd-b834-4e05-9777-9856a8b07b933,8.7157,48.5459,52.5773,21.2333
voa-534f053a-663f-4f46-b897-bfdb6a2e2c271,9.0778,46.7829,49.0,16.4
voa-53a7790c-ef4b-42a2-a073-1821e643658c3,7.2298,69.18,65.4915,25.2333
voa-53c2a8aa-d864-43f3-b90d-2d99d3f9f4362,8.3456,65.4028,52.0,18.9
voa-53d0e214-467b-4b73-821c-948c589461652,7.9362,55.7375,53.474,20.3667
voa-5402ae75-3340-4e38-adf5-ed26f1c06ca13,9.1672,58.3884,61.1097,21.3333
voa-5418cd49-b471-4d12-b46d-c54f1e0a64d01,7.9627,50.199,54.0,21.9
voa-54bbc5e9-88f9-47d3-aa7f-fe9a989a24493,7.0744,72.3483,70.4975,18.6333
voa-54df53da-0e46-4773-8a40-e17f5e7c7f522,9.3778,52.4116,56.761,19.1667
voa-555af190-5ecf-4fdd-96da-44257175f6db3,9.7167,42.6492,53.5013,24.9333
voa-5566ae03-71ef-4383-ba25-52e44c85ee4a1,10.2165,51.5828,55.5556,21.6
voa-5582d25a-8161-438c-b657-e96e209536e81,7.7733,60.2323,52.0,18.3
voa-55b1a3a5-cca3-4e49-9ff0-a26a2a3b54be3,9.14,55.0718,56.4583,23.8333
voa-5660885f-5dc8-4fda-885f-db368444ce411,8.209,61.154,54.023,15.5
voa-5698cd20-40df-4fd1-9fcf-0be9b75d4fe21,6.7599,58.584,55.3191,16.0
voa-57827146-b14e-45f0-822a-f362a4d3e26f2,9.5204,51.8272,56.1574,23.9
voa-579bfb90-c31f-473c-baac-5f94b1c98df21,8.204,52.0195,49.0,16.4
voa-58020b8a-9113-4218-9dd7-3f15377a3ba91,8.0053,75.5273,60.0,16.1
voa-581d95d3-d87f-4c97-ac01-04ab43364f4b1,9.2204,41.585,50.5376,13.2
voa-5830ecf9-dbce-4bc1-9647-084befb3ae302,9.6441,53.7862,55.6491,18.3
voa-58758fdd-afbc-4a6a-a171-26a5b59e2ab21,8.7666,44.03,48.9362,21.7
voa-588df77e-7de2-4084-810c-938d77f70db82,10.1177,42.6787,53.7176,21.2667
voa-5970eb20-299a-4c33-bb0c-0af71e72edac2,9.6778,48.3066,42.9415,21.4333
voa-599db16a-d9ee-4bc0-a8e5-a9030bca213e2,8.7101,42.6604,49.6535,19.7
voa-59b11091-8b2a-4a4b-8741-c623c029a11a2,7.703,64.7766,59.5303,20.4333
voa-59c98e7a-ed84-4445-b748-cf4a3e9f04611,7.8191,54.9817,54.5455,16.5
voa-59ed2ed9-3059-4109-98b9-167f0153b8623,6.1724,72.1367,64.8102,20.7667
voa-5a8ba78c-11aa-4a4d-843c-2c770536f4e93,7.9698,60.0781,54.388,22.5
voa-5aa6568e-3c57-4587-9cba-a051eb59ab972,8.3226,52.3681,49.5169,20.3
voa-5b0ae413-5135-4000-8d62-971485fd7a392,8.4384,62.4295,57.8088,16.3333
voa-5b5f5183-cdae-4e65-bda9-bda1084b16952,8.8141,48.5606,55.0,22.8
voa-5b9a5fc9-5cca-4e7d-9a2b-f60bb0a5fc333,8.1612,53.9951,54.0749,18.3
voa-5c13460a-a58a-4998-a135-0b01dfcbf4af3,7.7543,55.5312,58.9074,24.8667
voa-5c188f21-4e66-43aa-8fe0-2145e96ba9ba3,7.8969,62.3027,56.1749,19.1
voa-5c3c83ea-a85e-4236-a411-e0cfc9d366ce1,9.3064,51.9359,55.814,12.6
voa-5c6a8227-182c-49e0-aa17-d9e9f5644b811,8.9693,43.4677,45.0,20.7
voa-5dc30131-a34c-492f-8ab7-ef13163b5dc72,9.8938,47.4189,49.4242,19.4667
voa-5dd85fcd-a459-4345-9722-f9876c31ad693,8.8668,41.1121,51.7058,25.3667
voa-5e4ae90e-bb90-413a-9130-c718a60342603,9.1427,48.0662,54.549,24.3
voa-5e69979d-a08e-44ee-8c2b-d353532532063,8.0244,61.7194,55.9663,21.6333
voa-5e7e01d1-3869-49e1-8680-0b36bf2f45071,9.767,48.494,51.6854,16.9
voa-5e8a70ac-21dc-43c1-8f2d-3120310f30b43,8.7032,55.1013,57.9922,24.8667
voa-5ef276b2-c2d9-4dfe-8bea-4429f2d727471,8.262,52.1476,49.0,15.9
voa-5f0f7441-4b69-4eca-b57e-5e77066df37f3,9.3644,38.8708,50.3286,20.6
voa-5f780b4f-110c-4a51-965b-2830cb03c5052,8.3942,46.6318,53.6848,23.3
voa-5f9aa45d-106e-4f2a-b766-a0cc9faa578a2,7.8949,62.3469,55.9342,20.1333
voa-5fdc3b82-4d1c-45ae-ad9b-32d9ede4d9ea2,8.6151,60.2561,55.009,20.7
voa-6038873c-91be-44f9-bc5c-e42ccf1bbff53,8.6442,44.9537,55.7893,21.9667
voa-60779fd8-59ec-47b8-96d7-8e0e8faabfa93,8.9941,50.713,54.556,22.8333
voa-60916db3-d7c4-4b98-a638-fe0095c30b293,9.6312,55.2934,56.3494,18.1667
voa-61a3f99f-6b57-4c55-bfba-67de9a75bbb03,9.6498,44.5026,51.8594,21.5
voa-61b22176-8670-4660-aeda-8a806fbb31952,9.7253,51.7025,47.6492,19.7
voa-61b3a03f-5658-4d11-b854-ecd238e11fee2,9.9914,50.1184,53.1657,16.1
voa-62275ccc-090b-40e9-a7d9-8aa94ade437d3,8.5837,55.3901,58.2536,20.9
voa-62a6bf5a-b993-4b98-baae-1dc7ca48b1632,8.6794,59.9591,55.0856,23.2667
voa-62ae08b8-ba78-4b66-bd09-9402d2ac723f1,9.2419,42.0463,53.6082,21.8
voa-62c7e3ae-0823-45b6-8f6e-6deed5b127752,9.4357,51.7365,50.1693,23.0667
voa-63742b3b-1a1d-4526-bdc4-255f95eabe2b2,9.0956,45.6029,53.6667,20.8
voa-63d594b1-5257-4a26-9021-2092450ee3323,8.4003,53.5164,57.3333,23.8667
voa-640f4c10-0737-4033-8ed4-4cdcc1cdff343,9.4461,62.022,60.7614,21.2
voa-641c8672-c9f9-40c4-aaf3-a03eee189a4d1,9.6086,50.1418,51.1628,14.3
voa-649f8d79-329b-42e6-be31-d81eab819bd82,10.5585,45.1694,46.3575,25.8667
voa-64b7c7bd-6a15-408b-ac54-e014487bf9643,6.6264,78.6447,71.7652,18.2333
voa-64c1b7bf-3e3f-4085-8d72-7455461a68c72,8.6558,61.1167,57.6667,21.1667
voa-64f44461-1b87-4823-a6e9-f81b619ad46a3,9.9705,35.5051,48.9447,24.0333
voa-650d078f-ccb4-48fa-995f-01764a6f17281,7.1086,69.5868,56.0,18.1
voa-6535ea85-3e62-47d7-b784-a300b204c1303,8.7267,52.8744,52.7715,22.1333
voa-65940fac-3c6a-4900-9299-5a51a29663492,10.0495,44.911,51.7926,22.3
voa-65df56ef-972b-44ea-9018-2e12cfcd8afa2,7.3811,64.0347,55.8298,18.4
voa-65eed090-8a9e-4011-aed5-8f0a0fd6d7ec1,8.4333,52.8257,58.5859,16.1
voa-663a0623-a091-405a-a001-804f282eb12e1,7.9251,60.2323,60.0,18.5
voa-6666263a-cd43-45c4-af03-13e8e0f66be43,8.1283,56.8234,66.4014,21.7333
voa-66e495c9-2053-4368-86be-1faad8be36a72,9.2421,50.6801,45.4639,21.8333
voa-6708874d-f244-4448-8a4a-87efd6701cf02,7.5882,66.7756,57.1756,19.7
voa-67932288-4ebf-48a3-a59f-6662be75d6e12,10.9692,40.4641,46.2266,19.6667
voa-67e40d51-9c92-4faf-830e-654e4444b1222,8.4092,56.5967,52.0976,18.0667
voa-67e64364-7673-4d3f-bf75-4054327111712,8.221,53.208,53.1639,17.8667
voa-6937d3ac-afad-4e34-bef3-59aa81502a6d2,8.6956,44.8276,50.0078,21.2667
voa-698edfff-cf87-40d8-a94d-e6e4dee5ae571,7.2173,60.3124,56.8421,16.0
voa-69d751e7-be6d-440b-990d-17aa5037bedd1,8.1351,62.7352,53.0,15.1
voa-69fb837c-b9de-4389-95d7-a4f6fdab70901,8.4142,54.9572,51.0,17.6
voa-6a893c38-8c28-4969-a326-4d24d9b856792,9.4963,45.5523,50.2727,20.5667
voa-6ac43527-8a7f-47ff-986f-b55ad68fa1583,8.2265,50.715,42.222,22.1
voa-6ad6fce0-1746-41a8-875e-ff2dcdcf119b1,7.8895,60.8885,57.0,13.3
voa-6aef736d-e185-4fde-8819-f674b10c70891,8.4688,61.5627,53.4884,17.0
voa-6b29c974-fcb5-4b1b-8528-560352a5d09b2,8.3388,49.392,45.0,22.5
voa-6ba33a62-ec09-496c-9a2e-534d12421e443,7.816,60.827,60.2749,21.7667
voa-6bb622dc-b6a8-4059-81ce-1814e5896c132,6.9223,64.517,62.4299,20.3333
voa-6cba94ff-ee8d-48cb-967f-2154c756cf671,8.3522,58.8398,58.0,21.0
voa-6cbc01af-482c-4f74-9d24-b1c4a67f5da43,8.6821,49.9865,57.9121,25.4
voa-6cbe5dc7-6cfc-4531-9de4-32ac27179a392,9.7842,48.3021,50.5,21.5
voa-6cc0d7e7-90d4-41d8-a7b1-e8e3b5c734e23,9.4095,50.4681,52.554,20.4
voa-6d6e63ca-1976-4097-a635-9e0a86c420ce1,7.1964,58.28,54.0,17.6
voa-6d745339-3f91-423f-9b01-c5e3853c4b9f1,9.2633,46.7375,51.1628,22.8
voa-6d85aada-35b5-48e0-936c-e55db8e6430f1,8.359,60.5454,59.1837,19.7
voa-6de3c10a-d409-4750-8770-63f65c4d99371,9.2192,43.2532,47.8723,18.7
voa-6dffc231-cb3e-4662-afd5-f1208cbffed83,7.9421,68.2032,61.1201,18.8
voa-6e05113d-8df7-4df9-a56e-7c52429ff2e81,8.9315,42.1963,45.7447,15.3
voa-6e17d011-a524-4069-b933-a37396aa6e511,7.7707,67.8086,55.0562,15.5
voa-6e3195cc-3af2-4307-97cb-73d32ac5e1c41,8.329,51.2518,58.5859,14.3
voa-6e33ac44-1cb4-414f-ba6e-d97560f9964a2,9.3904,44.4383,49.0009,21.5333
voa-6e95c6ac-25d6-4073-8981-6287b192c0983,8.1235,59.3593,64.3713,26.0333
voa-6f4fd539-c1db-4bdd-8234-b08ac20043a72,8.8299,52.8507,53.2239,20.8333
voa-6f5915d3-6099-4749-873e-5e91c764b4701,7.9445,64.7291,59.0,19.8
voa-6f6aac9c-079d-4c0b-a612-f50a0ee341752,7.4011,58.084,54.2342,23.3667
voa-6fab8f64-5144-4bc6-8ba0-9a1733f75bf42,7.3256,55.08,51.8574,21.9333
voa-703a0ee7-a261-40c7-8cf2-626a9eb37fee2,7.4889,60.1453,52.8497,18.9667
voa-704fd4c5-0a91-4c8d-aca7-390b4104ad733,8.9267,51.4,53.3719,22.3667
voa-709edfa7-5176-45bc-b84b-61ab8124e3ef2,8.8529,58.091,56.193,23.0
voa-70fd3fb9-deed-4733-a907-3490c7958b591,9.1306,44.4448,50.0,23.2
voa-718eb504-baf2-4397-af1f-89c1242254ab3,9.8191,47.0199,53.3068,22.0667
voa-71b553de-62c1-4e7e-8692-b2720ddda8ca2,8.9662,61.9265,57.7674,22.0667
voa-71bcc9a0-3074-4137-82fc-eac9ecf3702c1,8.2047,56.7971,46.9388,15.0
voa-720dc14a-0b1a-44d5-a55e-4129bef52b713,8.8123,57.6427,57.3548,16.3667
voa-72231349-e36a-4c7a-88ad-5111b2c0d0ed1,9.2657,47.2841,47.8261,17.3
voa-72358616-aac6-47ce-96ce-31831a3841cd2,9.3379,45.2542,44.8511,18.0333
voa-72dab075-ed02-45aa-b9c5-8ab0580972863,8.9784,51.2213,51.0481,24.1
voa-739ae33c-bfd3-4c50-9faf-e09eb2166f2b3,9.9165,47.3491,49.6854,21.3667
voa-7461837a-4b88-4b68-8fb8-62f63925e5643,9.652,54.066,54.1147,21.8667
voa-74851902-001b-4cc1-bf8e-99b31ed3e9562,8.9112,56.7915,55.6078,17.9333
voa-748d5cba-b1e6-4d71-bd4a-c103b97adbfe2,7.9071,57.721,57.0,21.1
voa-74945407-69b9-499e-bb3d-e5d7447cee651,10.0472,43.2483,51.0,17.0
voa-74add06c-3cdd-4e79-922c-f3e6b158cd353,8.509,65.0527,63.5325,17.4667
voa-74df463d-027a-438c-9cf0-001ea4a70cff3,9.9788,34.5573,47.197,21.1
voa-76eca76b-d243-46b0-b65a-344bd5f293fe2,9.566,44.1286,53.0167,21.3333
voa-771631e1-8089-40c5-9559-618731aa64b02,8.3586,54.4328,51.509,21.6
voa-7749e14e-e0f1-456e-976a-8437b948c79b2,9.1105,59.2788,54.5237,17.9333
voa-77b32f99-6399-47d9-9a46-a6f009434e433,6.8924,74.2696,69.467,18.1
voa-77be97e7-6960-458e-8807-320caf817cfb3,8.5262,55.6051,54.8483,22.2
voa-7812317a-8585-44d9-951d-d84580cdacee3,9.8025,55.2202,55.4065,18.0
voa-781b0615-33cc-4f55-b88f-1eb42bd928fb2,9.3006,48.1336,49.5816,19.5333
voa-782c75b7-886d-4a6e-85b6-51735124a4383,9.4063,52.0282,53.4026,22.5
voa-78537141-771f-40a6-be61-fb705effe8223,9.1379,54.5175,52.6518,20.5
voa-78ab2fec-3cd0-44d4-8894-88038f038d031,9.9318,41.9084,52.9412,16.3
voa-78ede415-44d5-4ae5-9b90-213ef59702001,8.3075,60.2147,51.5464,17.0
voa-79b03dc9-0d03-4962-a537-0492082507132,8.2682,58.4581,55.0,17.6
voa-79c1b787-2b7e-4f59-a4c2-6d57e43929423,8.04,53.5633,58.064,20.7333
voa-7a3dea4b-dd7e-4126-93cc-5a11934227571,8.0872,70.4993,59.0,17.0
voa-7a5865b2-9c27-4403-9fd7-00e924889b7d3,9.7917,44.5359,57.7575,21.2333
voa-7a6d3859-bd73-44f9-b32f-e6597775ab9e1,9.0999,49.7208,50.0,14.0
voa-7abe65a8-300d-4e2b-8863-9ee63be4b9942,9.3299,42.5336,50.7536,21.5667
voa-7ad4e058-f5c1-4237-ad19-64f8afdcaca72,8.3659,57.1163,48.2016,17.5333
voa-7af22091-dc96-4681-88e6-25ce6a2579bb2,8.9049,59.8264,59.9817,20.0
voa-7b23d3e8-7368-4886-be36-b987ef1ced301,7.3684,66.0073,53.5354,19.3
voa-7b457c28-55cc-4128-842a-95b2096c966d3,9.187,51.0735,58.8074,23.4
voa-7be3989a-24ba-43c4-82c9-0a947516019b3,9.152,45.6279,51.8453,18.8333
voa-7c064d08-d2bd-4728-8974-21cf535917401,9.3619,36.0339,43.1579,14.0
voa-7c182113-fead-4e97-bc66-d98b3d742c713,10.097,50.0156,48.6679,16.2667
voa-7c29536b-5b91-4419-a5b4-17817bd540531,8.9421,59.07,53.8462,20.8
voa-7c6627b1-455f-48e7-b181-1542a53cabe31,9.1297,47.0137,42.7083,18.1
voa-7c7173cb-d469-4edd-a057-df2d4510e7ea2,9.7101,52.4569,54.3043,22.4
voa-7cc041e1-8dcc-4ea0-b9e5-7c3c7462feba3,8.5793,47.0451,54.6392,25.7
voa-7cc2e421-ec2a-40b4-9aac-458c138048161,9.3066,47.6679,50.5376,16.3
voa-7cf352a0-b6da-4c22-ab28-5cf39ee2fa693,10.6298,35.5222,47.7278,18.6
voa-7d192609-3d85-4030-b5d2-70396d4225b21,8.7663,45.131,51.0,19.9
voa-7d963693-b5a2-412e-a8d6-97eb99004a0d1,7.2102,70.3114,67.0,17.1
voa-7df173dc-1896-46ab-9088-1e89dfabe1cd3,9.6476,43.5829,52.3908,20.6333
voa-7e6d020b-ce55-4d8b-8b87-2d44eb2a49982,9.8491,34.3094,49.8311,21.6
voa-7e77aa8e-7ad2-4484-9f10-3558c285010c2,8.6226,53.9469,51.9877,17.4667
voa-7ebc7932-322c-40f9-8ee5-07fd9906d9112,10.2148,42.8036,43.2252,20.8667
voa-7ef09445-9e01-40f8-829e-f17dc8c638491,8.547,40.7208,57.2917,16.9
voa-7f02e2f6-476f-4c9d-9543-6ce8d060ce943,9.5209,39.8928,46.3061,22.8
voa-7f0584b4-4426-4269-8785-436123c6438f3,8.4678,52.1158,57.215,20.4333
voa-7f17d86c-d29b-4665-b542-45dac54f4b723,8.9972,59.2486,58.7055,17.4667
voa-7f3f7c38-c7bd-4574-98cd-3e7247266ed92,8.7637,48.7132,55.3694,27.9
voa-7f759bf6-5d77-48a7-97bc-b12d6f6892db1,9.8716,52.745,56.0,18.3
voa-7f97172e-1c57-485a-81d9-2f761c39134f1,7.7469,59.9088,52.6316,15.6
voa-7ffefa0f-87cc-4ad3-b9e4-70cc3bc167103,8.4617,66.4562,64.7165,23.9667
voa-806089c3-4713-4e1a-b209-ac0a556732601,9.3093,53.7115,57.0,16.8
voa-807c1a14-dc30-41c5-bad4-7e9333dae06c3,7.9451,61.0555,61.3333,24.2333
voa-814a37fa-a350-4c62-ae1a-30915bf4fc082,7.4909,58.3438,58.0556,22.0667
voa-81663986-7858-4c7e-bdf0-c038c8e2efed2,8.2317,49.7928,51.3587,21.7
voa-81954979-99ae-47a3-863d-d0e6ef4a6d4b1,8.9227,64.4088,52.1277,15.9
voa-819c6f2e-fd63-4c5e-a987-e6b013291c3a1,6.8634,69.165,66.0,17.8
voa-81d58acd-b4fb-491d-b9a5-4adc626aef991,7.0096,71.7679,63.0,20.3
voa-8206f226-3277-4854-a5e7-eec329bc1e9d1,8.9662,56.9785,60.4396,16.7
voa-821de8ad-9358-4027-91d4-e091404b587b2,10.176,42.2916,42.8913,19.0333
voa-82fea98f-4cd1-4480-9d82-34db0e8979a62,8.9296,52.263,52.5267,23.8333
voa-832f39e8-80a7-42af-a230-32d53c4a44791,8.9172,54.2135,51.6854,13.6
voa-83356a62-ec0e-4077-a4e3-93774dc1a7e43,10.1838,37.8834,48.6948,24.1333
voa-83362472-c93d-4fce-a175-b1589900307a2,8.8061,63.3195,57.97,18.8
voa-8371b383-7ae6-4ba4-8002-9bef95c278c31,10.5686,48.1908,53.0,23.8
voa-8371e870-3a6b-4993-a3c3-e069d8a2878a1,10.5211,43.09,46.2366,20.0
voa-83f7018d-8ba8-4230-8be9-4f2c5f7a702e1,9.7532,53.9795,50.5495,15.4
voa-84ccc098-bc65-4378-8ffe-a33895888a331,9.1214,50.6209,49.0,16.9
voa-854d256f-1706-49e4-81d4-37f7bdaa58701,8.9221,51.0338,60.2041,19.7
voa-8569cd09-dbff-4f4d-8e1e-6afe06909a031,7.2329,59.4442,63.0435,14.4
voa-859c2e49-d1a1-4237-a7a8-6dd26f5eee813,8.4595,55.0641,55.8939,22.2
voa-85c6077e-8d8e-4a07-b4c3-59f9cd7f88ee3,8.3631,54.9669,59.1818,22.6667
voa-863ff7e1-06d5-45bb-b76d-77ce922611a12,9.7779,44.0545,52.7079,27.6
voa-866e8b04-1489-4cb6-a361-cc88a45eb5eb2,9.2288,50.9497,53.2333,21.4333
voa-870a26a9-38b6-4501-a934-cedf829875671,7.4455,75.8788,66.0,18.8
voa-871901a6-700f-47db-bd4e-9744755b155f2,10.1014,44.6564,50.0741,25.0
voa-87249dc6-7ea5-4e33-a54b-e77aac18cf991,8.1695,68.3427,65.0,14.6
voa-873a2b6c-9e37-476f-a5a4-860428e752413,9.5272,53.1614,55.5016,25.3333
voa-8779b787-bfdc-44ce-bd2c-0280b2e22c6b3,8.1027,62.7401,62.3071,21.2333
voa-878c290e-81d8-45a5-bace-4b6aa5e63e1c2,7.2998,65.4153,59.7495,21.2
voa-87a6648f-fe19-4402-8115-95e46882dc3e1,11.0484,41.1741,50.0,17.9
voa-87abbd0d-73cf-4dcf-8788-4e1a725409bf1,9.1421,50.594,52.5773,13.2
voa-87c78bdb-99d1-49df-8e79-1a7136af9f9e2,7.8536,73.0057,63.5464,19.0
voa-87fce468-d2eb-4e56-a64a-31c69aa329c42,8.753,55.8901,49.5553,16.7667
voa-8856f833-4169-40ba-8fb9-ddef5d6a97722,8.6733,51.7439,54.966,23.9667
voa-88eae768-c244-49ac-92c1-d7e2a1cacc711,8.5406,59.2013,61.0,16.8
voa-891ba391-3b77-4c16-867b-37d05519ab031,8.0603,63.5271,65.0,18.0
voa-89381fd4-464e-4bca-bd2d-e57d47c82f062,9.019,44.194,53.0928,21.8667
voa-8945414a-7810-4af7-9671-9041529b43023,7.8208,65.9945,65.0884,21.0333
voa-89769b41-3212-4dd1-aca8-d6d8ced57caf3,8.809,60.6744,57.8217,21.1
voa-89802478-1afe-4388-8432-264910fefedf1,7.5892,72.4393,60.0,19.7
voa-898b84bb-6337-49b1-9072-a8313ecc6aaf2,8.57,59.0418,54.5264,17.2333
voa-899fb9e2-2f56-4808-aed2-92f64a71243f2,10.0657,44.2701,52.8082,21.1333
voa-89a5812d-d5cb-4376-8106-5174a4a03f5d2,7.9915,66.2948,61.532,18.7
voa-89af7b99-a495-4894-a27e-d0487de663813,7.6529,67.2718,60.7415,21.4
voa-8a0c1cb8-ee54-42ea-9f11-e3b3dad0c9b93,7.7804,53.1754,57.7625,22.6333
voa-8a928bcd-1208-418b-951f-5492e95231ab2,8.0662,58.9247,52.0,20.7
voa-8aa0f360-580d-48a2-b81c-f5b1385a506c3,9.2397,47.0346,54.0417,20.7
voa-8b10f880-601e-420a-9fcb-9c911435429d3,8.8434,45.4336,50.4944,17.2333
voa-8b538ef2-8f73-4b9f-acbd-2753c3572c611,9.0866,48.39,46.875,19.1
voa-8b584e28-9ee8-4218-9c6b-346c5058ef3b3,8.3923,70.3823,62.785,20.2
voa-8b81dfc9-f14e-4e34-be53-1b6b6baf319d3,9.0597,52.7085,55.2118,26.1667
voa-8bb2aa22-9871-4a2f-8ccd-cf0e4f95e4152,7.5862,72.0682,63.0737,20.9333
voa-8bf47625-2b03-4ebb-8a0e-d909e88121271,8.4361,49.7424,51.1628,13.8
voa-8bf6868d-5d1b-48ca-93cb-684301173f392,9.7998,47.7387,51.6717,23.9
voa-8c2b14e8-814d-4ebe-a721-40a6e2835dd11,8.4528,63.4533,52.809,20.7
voa-8c976f10-aceb-4a83-8ecc-d73d8bfdb78d1,6.7741,86.9996,64.0,14.8
voa-8c9af604-717d-46ec-882a-ee580d66da162,8.2533,57.6178,52.2413,19.7333
voa-8ce8305f-cc72-46b8-adab-b782c3ebf9c23,8.9711,62.8923,57.0449,16.5333
voa-8cf78a97-1667-492e-8be2-619c65cc2c131,10.6138,44.1942,48.1481,17.7
voa-8cf986a6-cc45-41ba-836d-1f206d508c252,9.3878,31.2036,45.0,29.4667
voa-8d08209e-389b-4733-8bc6-0281cd3a5ed02,8.7851,55.4033,55.004,16.7667
voa-8d2e9fcf-72db-4ff7-9f98-4a084107799e3,8.6805,49.4566,53.5236,18.4333
voa-8dcf36be-eb73-4d74-aeb6-c46a6fcb67c23,8.3906,68.166,62.2106,13.6
voa-8e29cc73-ad6a-43c6-9e3f-7919e43db4822,8.5502,63.9484,58.5869,17.5667
voa-8e9e9eaa-187a-45e0-a707-9efc54c637da2,9.1816,61.1265,56.1038,19.9
voa-8f39395f-0e8a-46e7-a417-26f0ba5ff43f2,8.413,51.8182,57.9887,21.9667
voa-8fd7f94f-08a8-4295-80cb-8cf8ec964c2f2,7.5923,61.9917,56.9242,19.1333
voa-8ffba9ca-9f53-4218-b6b3-ba0e01c33af03,9.6107,58.8643,53.6148,21.2333
voa-901def40-8a7e-4b61-921b-aa5847941b2d3,8.6894,52.3564,55.1974,23.4333
voa-905da0e5-865b-4bf2-958f-d249b775f4da2,8.4176,55.7446,54.8043,19.1
voa-908c8b9a-dbfb-4b05-b538-768c53f436e41,8.5082,65.9925,54.1667,16.9
voa-913ae677-d734-4d3f-a992-43a148d8887d2,9.8088,47.9753,50.358,24.8667
voa-91c440c7-03a7-452b-9d6f-c3c74c8da1212,7.7899,60.5879,62.3112,25.4667
voa-9215be99-da03-45be-acc8-a5ed7181c10b1,10.5902,42.445,54.9451,18.1
voa-92949f3a-b585-4ee7-8269-8bc99eb3358c1,7.881,60.8978,62.0,20.0
voa-92fd8c85-96d9-4ba9-a6b6-5145284ef8bd3,10.6712,28.7838,47.2183,19.0667
voa-9350124e-d131-4b7b-85ce-8326cc9b5bf52,8.387,55.5944,50.212,19.5667
voa-9364cd0b-b912-402e-98bd-1364d6476cdb3,8.5669,50.5123,55.8366,21.0
voa-937517aa-6d5c-41c9-987a-9a8e1dd0dd0e3,7.2425,61.9018,63.0,26.1667
voa-93960b9a-fdfc-42d4-bb8c-91d0a91de4ae1,7.7969,67.301,55.0,23.1
voa-939c03ca-ca8c-421a-a00f-1c1b3b708c703,9.0749,49.0255,55.1111,21.4667
voa-93db4b73-1725-43e2-8a7f-929814621e631,8.4142,59.064,49.0,17.6
voa-93f03c96-da85-4534-aeff-f9a20c9d21243,8.5818,58.7412,58.6083,21.7
voa-93f4f76d-56e9-447c-aeeb-dd0e4b282f852,8.9015,51.345,50.413,20.8333
voa-9401ac6b-5f61-48be-9166-62efbbfd2cc93,8.3755,57.1658,58.9992,21.0
voa-94280856-cb06-435b-899d-3871d6d6526f3,9.2559,46.3222,58.884,21.1333
voa-94446256-facc-4713-b569-5713e11c2ced1,8.4287,59.8463,52.5773,18.0
voa-946e8540-e1e3-4ebe-9a8d-acc660cbb7231,7.5226,58.3992,50.0,18.6
voa-9480d2a0-7fbc-49b0-95d4-5e16070a942e1,8.9565,58.0519,56.0,15.8
voa-94a4dec8-da33-43f2-a683-7cbd1d157d841,9.3584,57.707,50.0,18.0
voa-95026e9b-5a3c-4198-9391-5a2d6875aa9f2,8.1319,64.8441,63.0128,22.9667
voa-951c3aad-11cb-40d8-b22c-bbd9abf3aeae3,9.1692,46.9933,53.4952,22.6
voa-951cf65e-54f8-4205-bd88-d6759958fdc33,9.7996,55.5754,54.9583,19.6
voa-953f605f-def6-48b0-ae87-10bfeed6e1ff1,8.7958,41.8993,49.4949,16.1
voa-9552ceb6-27ce-421a-aee8-df94c18b85112,7.7434,68.2125,61.0,17.0
voa-955a361f-0477-4fb4-83d5-6992aca4d1132,9.1107,56.2939,55.9394,22.5
voa-95b93396-f2f9-477f-8ad4-d77ea96740613,9.2377,53.5536,58.0143,20.9667
voa-95de6b10-8275-4c39-9a4e-276b7d0783d72,7.0342,71.764,60.2979,20.9333
voa-96dc758a-6cb7-460b-b9e1-987111edc1153,9.3471,50.6905,50.6667,17.1333
voa-97158b36-6de2-4a34-96b5-27bc637ba2aa3,9.7886,40.6726,46.673,21.5
voa-978b3466-51b2-4f86-a33a-34af50ad30772,9.7864,52.3098,58.3041,24.3
voa-983473d8-d364-44f1-8caf-6966c0be4e3b1,10.2423,34.7441,45.977,16.4
voa-987efb33-be83-42b4-ac93-c02d4941237d1,9.4868,44.8927,54.9451,18.4
voa-98ee4347-5867-4917-895f-1ea6701242d23,9.0225,50.6882,55.6161,27.1
voa-98f53c6b-cfb8-4f06-8969-ab4005a8c4423,7.9751,61.5587,61.0689,20.7333
voa-99064caa-d610-4d21-aa97-26e3c9ac72143,8.5437,50.817,52.5618,20.6
voa-99327dd9-9261-43f5-957a-45e9d2007d761,9.0112,54.665,54.3478,17.7
voa-99b924e8-9d14-4725-984e-5d9f8abfeedb2,9.5797,39.3555,44.1549,19.5667
voa-99d592b6-3c12-4847-a5eb-c4090a6307311,8.5389,57.6803,54.0,20.4
voa-99e548ad-d613-4898-ab26-a27da7fe11be3,10.453,36.9979,52.7401,23.2333
voa-9a0dc98a-cde4-431d-bc07-173f9fa8584a2,9.9416,40.3437,46.9839,23.4667
voa-9a216ae6-8c99-48b8-b6be-9cbf779e6ceb2,7.205,67.9882,62.5521,18.2
voa-9a55949e-e0d0-4836-8680-c620d58b53802,9.7466,60.0866,49.4496,20.9
voa-9a574754-5719-4a50-ab1c-568a6cf1f3fb1,8.5386,57.6982,53.7634,16.4
voa-9abc3b41-05fa-44f8-bae0-757c20e4fdb23,9.055,48.5937,62.1525,28.8667
voa-9b1cd615-9d62-47ae-8553-be3a27065b7f3,7.8467,58.9973,62.1938,20.3333
voa-9b3617a1-567f-43d4-848e-8dcce43aa0592,9.714,56.4492,47.6482,18.3667
voa-9b725da7-f0cd-44a3-8789-f82feaa9c3e83,9.8005,47.104,49.5666,20.9333
voa-9bb21f61-57dc-47c9-a1fa-98146b2967bb2,8.9118,63.4119,56.3333,17.5
voa-9c349019-0248-406b-be23-34fd95f58c881,8.3808,48.2482,50.5747,22.4
voa-9c685d9c-c7e7-489d-be02-837754498b1b3,8.5747,55.3888,57.1715,24.5
voa-9ca40c0e-cbe3-49b6-9af6-06ac43bc17cb2,9.8848,35.5211,45.4372,23.7333
voa-9cae7f8e-15a4-4954-9d57-694ae12a85e91,7.03,78.5416,68.0,16.4
voa-9ccbbd47-8a30-410c-85f2-cb207f96b3fb2,10.7203,40.1483,43.4599,22.4667
voa-9d371b11-d181-4e6f-92b1-1d8be4e171931,8.7555,55.4155,52.0408,16.6
voa-9e27f67a-7e03-4b9f-9696-6b23dc3d4aa31,8.0367,63.8014,62.0,15.8
voa-9e2feef2-dd6a-4cee-a7d3-c88bdf16edad1,10.3934,37.0728,42.6829,11.3
voa-9e9605bf-536c-4eed-ab09-4f2e279b30ae3,6.6445,68.4101,63.8718,17.3333
voa-9ec2646c-d17a-4d0c-abcf-8069c49ed9853,9.2998,49.656,57.8895,24.0
voa-9ed42519-4892-463a-b6a2-e6997584b5ca1,6.2786,84.9883,75.0,17.1
voa-9f3c1040-1812-4c53-a864-96d80ff5a00d1,8.3332,68.3779,62.0,14.8
voa-9f532970-3d78-4e01-bd0a-2a374c461cf61,8.204,53.7115,49.0,17.3
voa-9f70e0d1-024c-40d3-a872-cd86cc773a851,8.2928,47.1204,59.3023,15.0
voa-9f940247-3df2-48e1-8124-5870cf014d583,10.5101,40.2105,47.9996,25.9333
voa-9f996552-a9e4-40fd-aebd-0479a98f2bc82,8.3347,62.621,58.7619,22.6333
voa-9fb00298-e847-4613-bdb1-e685430da1831,7.0268,73.7505,60.0,18.1
voa-a00a955a-5125-475a-b21d-ee04c505a75b2,8.9021,49.0436,52.6667,17.5
voa-a0653764-5ea8-409a-af93-a35ec7b9c6801,7.942,69.9421,65.0,19.1
voa-a06fb8cf-209f-495b-b7e0-16ef64d1c2bf1,8.111,67.5013,61.6162,16.9
voa-a1cdfd99-04f9-4bcb-8d25-4f4a859e32532,8.2565,53.6378,54.9998,21.6333
voa-a1e90235-c63a-4a93-92f2-6aff68ce96a41,9.2824,58.1763,47.7778,15.3
voa-a1ff4a5f-d792-483b-88da-b59bd4ef72913,9.0395,52.4699,55.3704,20.7333
voa-a2176483-bb1c-4de4-a511-c7afc7cfe3412,7.6312,69.5813,59.1988,18.3333
voa-a2ea4a15-37a9-42e8-8786-045a0bfc6a241,8.2722,34.6664,41.7582,17.0
voa-a2eb40d6-4b89-44d1-bdc8-ade5afe519051,8.8038,68.5709,55.0,20.4
voa-a2f906bb-678c-4247-bd32-7b21a917100e3,9.5926,49.9253,54.8322,19.6
voa-a31e016a-9d2b-4595-bb96-be9621522cad2,9.3028,48.0804,46.9883,20.6
voa-a36f1dfc-0664-4f96-bb43-4e89b729501a3,8.0541,58.8713,59.3058,21.8333
voa-a3f02dc9-a0e5-48ce-a2b2-3511508e0ab03,7.5204,68.9297,65.2271,16.8667
voa-a3f6a72d-5d95-4933-93ea-72f6650f5a623,6.4885,76.7663,66.0509,19.4333
voa-a4ad66ec-c9c9-4183-ba88-0d91abbcf6633,9.3706,54.7298,58.5822,21.3333
voa-a4b8b7bb-35f3-4832-9d0b-56d63e3a3f623,8.7894,55.46,56.003,21.3
voa-a4f245e3-0452-4b9e-8e7f-346df31667d43,9.3258,51.0521,59.2238,21.7333
voa-a55bc639-b547-40a5-8a93-52ec1c622ab41,8.3486,52.0899,48.2759,19.5
voa-a5aa5fc7-f26a-469d-8f4c-d9e134b1462b3,7.505,61.3829,60.0623,21.6
voa-a5c14ea6-7126-4378-be47-345cd490e9e02,10.1895,44.5678,49.488,21.7333
voa-a5f262ed-c632-4647-b090-f9fd9ee00c943,7.6299,49.9944,53.4639,21.6
voa-a6266878-9b55-45cf-9d5e-bf93e0f630d02,7.6988,66.1733,63.2093,22.3
voa-a63bee55-fdb9-45ed-8bb7-a4d19b69d5502,8.5823,61.0442,59.4404,18.0333
voa-a65def4b-c8af-4c20-9874-aa61952a80303,8.8626,42.5824,47.6806,29.2333
voa-a660b54a-bdb4-4a08-825e-27768e9bbdea1,9.2192,51.4403,49.4624,17.9
voa-a66636bd-8ee4-4b40-94a4-95682638629a1,9.0494,53.2597,56.383,19.0
voa-a6ab9ecd-94e3-4c24-a4f3-c097dd78fa4a1,8.859,60.4309,50.0,13.3
voa-a6f91f16-b707-4c35-9b78-a922612eafdb3,7.62,71.4745,63.915,19.8667
voa-a71a468a-b866-4790-b0b3-f4a2124192163,9.6143,41.7691,51.2784,25.1667
voa-a79722fd-21a1-40c4-a87d-a4b8bc4f74833,8.9038,52.8336,53.7575,20.1
voa-a7b5e10f-69a4-46aa-8fe5-4357d71f73ad1,7.6912,55.9887,58.0645,17.7
voa-a7f1379d-a2ca-4b73-a9e5-893a7c790bc31,7.6521,64.3438,55.0,18.4
voa-a851f1eb-bd92-4f9e-a08c-3010997e4c642,9.554,45.2763,55.127,26.1
voa-a864cfe5-8a5b-4c47-8b13-0f1075b8128f3,8.2148,52.9055,59.9645,22.3667
voa-a866fb43-7aac-4bd7-9b72-277fbfbde94c3,8.5867,46.2681,46.654,19.0333
voa-a88567fb-053a-4a6a-9625-ac1f030729df2,8.9063,59.7846,55.2234,19.1667
voa-a8941e78-11f7-48de-88b9-a90b7f7d1a7f1,9.3611,54.5761,44.6809,12.6
voa-a8d43df5-13c4-4d98-9299-a9b3764f5a143,10.3491,36.9434,50.1363,24.3
voa-a9029a59-7893-405c-8fe4-b3de925e8e892,8.2893,56.0815,53.2986,19.9
voa-a9f894a8-2fe6-4765-9c86-91cd0137b20b2,9.3183,44.8151,46.8627,24.7
voa-aac9b127-3d85-4f86-a00f-97ca8007bbb71,8.5912,49.8043,54.0,20.6
voa-ab80a5c1-1aa9-444c-8edf-ef21ac7525813,9.5722,44.4908,51.8859,22.1
voa-abd14603-a7c8-4372-a952-65a3554cba321,7.7434,66.7631,63.0,15.9
voa-abf1aaf3-539a-4a71-abb3-0f14fdf1467b1,7.9793,58.1238,53.0,21.9
voa-ac5549fe-18f0-4f5f-a787-a0acf331d0172,9.0856,40.2737,55.7739,34.4333
voa-ac55bef6-39ea-49b9-9b9a-0e852505d2252,9.1348,54.2693,59.6667,23.6333
voa-ac5a3932-ee7e-42af-a775-eccdbef114803,7.7239,64.9331,60.125,17.6667
voa-ac8beeb4-497b-406e-bbc7-7e926a75d7f83,9.4999,60.909,57.1266,24.3667
voa-ada76008-e780-4ec9-9db4-bfd901dc4ce61,7.8756,69.1781,62.2449,19.1
voa-adb1f5b7-469c-460d-add8-c7c1f603f5a12,7.6864,61.8876,54.4727,20.1333
voa-ae48a449-491a-4396-acd9-4033b0e75cd32,9.1515,47.3112,45.5624,23.4
voa-ae9b6c0a-b2f8-4170-bd8b-ec4446aa92a41,8.8375,52.6542,45.0,18.7
voa-aebdb3ce-fc63-426b-84fa-689c22070b372,9.479,46.7272,52.3333,20.4333
voa-aec10c82-da26-4486-8be9-8655e9f401442,8.6726,52.3425,53.9087,18.9
voa-aed7f0fb-3bc1-44df-ae7d-9e54772602011,7.2513,59.6388,56.0,18.8
voa-af0b8eeb-a5bd-4728-a1b5-36f8711c27bb1,8.8335,52.6238,53.6082,21.5
voa-aff86190-d3ad-40ad-9a12-b893ecd459b81,8.3619,57.9415,55.0,17.1
voa-b04688be-d93a-4a81-99c2-62fb0374e2193,8.4058,62.6245,60.8586,22.2
voa-b07fdf83-de87-4e52-8aa3-e147c6c082711,9.886,31.767,45.0,17.8
voa-b156f69d-fd18-4369-ab1b-f80dbfaac3191,8.7555,53.689,58.5859,16.6
voa-b264a549-70bf-4d18-a3be-13cd2289b3a01,8.0828,58.1088,61.7021,15.3
voa-b2784b9a-2afc-4b91-af2c-b525e059d9673,8.9616,51.1454,50.6358,20.7667
voa-b3b597db-e85b-409e-82b9-bd116ba1ab931,9.2199,68.2061,69.0,16.6
voa-b3cc711e-9fd8-48b6-8ec5-9f0dfc329c7d3,9.3514,54.6421,56.1915,24.6
voa-b43e2b74-493b-4ab2-b8bf-d85390eba9b42,9.8039,55.3528,57.075,20.3333
voa-b4446e09-6f7e-4a3f-931a-edcd6ee4bf223,9.5283,34.698,51.4267,23.4667
voa-b4631b06-09b7-4fc5-bf65-de88ba98f9fd3,9.3485,51.4511,53.4361,22.6
voa-b47ff1cb-6b09-4618-b475-b4a22bc20c9d2,8.9908,50.3966,54.0058,20.5
voa-b4a45e6a-5133-4c38-bf10-984d3a3c63672,8.2955,59.5045,60.9302,26.2667
voa-b4d7f992-9679-47e7-b128-bd67ff7d35353,7.0168,67.3277,60.2982,19.5333
voa-b4e937ab-f2d5-4867-ba57-d3fcafca87203,8.3069,59.0301,60.7147,20.9333
voa-b4edda49-6888-4b7b-8c02-2c4e8d2959ef3,8.9114,45.1596,50.6667,21.6333
voa-b5352bc3-dae3-40f4-b083-d07a967bd7332,8.5668,56.6787,58.1465,19.0
voa-b540dc45-2aa4-4ad7-8ce4-31fd6325d0371,7.8588,64.9257,51.0,16.3
voa-b613dc66-fd3b-4cf9-a4d7-32f2c47293941,8.3934,47.9906,50.5155,19.4
voa-b65d808b-049e-47fc-a4b3-1aefd46c6c4b3,8.3434,59.3702,61.6667,22.0
voa-b6b4c82c-3294-4a73-b46e-cf1215dd3b5a2,7.6886,59.0,59.0071,18.0667
voa-b70a38bb-5ea0-4f20-843d-1a79f28b61962,9.7465,50.3848,52.1652,20.6667
voa-b74a101b-f93c-410e-bf5e-aaa5693fab181,8.9751,61.9346,62.0,21.9
voa-b7ad7bbb-cb02-46bf-b2d7-7b897098ce983,9.2151,47.0219,51.8107,24.0667
voa-b7d9a0b2-e8ea-4f79-8179-616929a404d52,10.4793,41.9866,48.7506,21.4333
voa-b859297e-a361-4ee4-ac90-cb897289481a1,7.6878,70.6058,67.0,17.8
voa-b87c8692-8d92-4fda-8d4d-dd311075d1463,7.5178,64.6268,64.7719,21.2667
voa-b881cd6b-b4a8-44bd-bc95-d81760fa576c3,9.271,51.8719,51.3333,19.3
voa-b8ab4cc3-978e-477b-9b4e-a50ee9e8d3c71,9.619,48.2003,56.3218,19.2
voa-b8b2c605-8983-49a0-9d87-c5731d4610811,9.0423,53.0271,57.0,21.4
voa-b9525751-bc22-4c38-a58d-02e2b17cc29c3,8.9083,62.4457,62.8889,23.6
voa-b98bc1dc-e856-4170-af2e-cf2bc6e1c36b1,9.2841,38.3341,40.9091,16.3
voa-b9b85868-da09-4929-a3da-8f0ca12a0bbb1,8.7034,56.4813,51.0,14.9
voa-b9ed1273-d625-44ff-a0f5-0d6336da0e882,8.5135,57.8244,52.4556,22.2667
voa-ba40902b-aec0-4ce1-be39-4b1d879f37ba2,8.6078,59.5038,51.9217,22.4667
voa-ba91cf0e-de59-45ba-80aa-ec00096cfb053,8.1457,55.3391,57.2852,23.7
voa-ba9b4681-e348-4ac9-beb1-a34b00012c712,8.0169,51.7962,51.3857,25.9333
voa-bb270942-bcc3-4a0a-80ad-aa293bc28ef81,8.547,62.984,56.8421,16.0
voa-bb36843c-2490-4743-b164-9b98f4815f8f2,8.8777,58.3106,56.9541,22.5333
voa-bc15a89f-ff55-4bcf-9a93-155d31d301081,8.6401,73.4517,58.0,18.1
voa-bc2a1650-750e-405c-82ac-b58f4da2998e3,9.1726,49.8254,55.8469,22.5667
voa-bc616b39-3a4c-4f12-bbaa-5629e0b13b4d2,9.1376,43.685,46.3202,19.6
voa-bc69f382-4c84-4a00-a88a-8b78c819810d2,9.6576,47.2639,48.2925,21.7667
voa-bc9c0dd6-3f66-4084-948f-8b69a980d7453,9.5551,49.3073,49.5708,21.6667
voa-bcabfc88-a7ed-4a0f-ba7e-35acaf8b69503,8.1676,63.6843,58.5581,21.4
voa-bd2f1499-fd48-4c56-8d0f-79504be73d3a2,8.29,63.1611,57.5219,19.3333
voa-bd710489-aa1d-4c31-86f2-d4f676c4ace32,10.2653,40.202,46.023,22.6667
voa-bdb053ab-6153-4941-832c-f6ded372978a2,10.2296,45.8272,52.506,22.8
voa-be6a2bf5-fde4-4e51-88fd-14b3078d5f1f2,8.0432,55.6765,58.0182,24.3
voa-beb61d33-1b76-4385-99f8-e0075d8d714e3,9.6393,52.7289,56.4345,24.3333
voa-bebdddbc-0dc5-49dc-9f20-33200491133d2,7.8519,62.777,56.0912,19.6667
voa-bed49d7e-8ce1-4695-aae9-7cb38f80adda3,9.3048,46.5603,53.3517,26.7333
voa-bef331e4-5a01-45a9-9616-f991756888be2,10.1793,45.8772,48.9847,23.2667
voa-bf45011c-5394-4aae-8f77-f216b5dc72102,8.8832,58.0438,60.8927,16.2
voa-bf4cb69f-3423-4c94-989a-e8238a9aeebb3,7.9839,66.289,61.7005,20.8
voa-bf52ee41-731e-4bf5-90ac-6bde945612732,10.9804,32.6333,41.7013,21.7333
voa-bf92130d-88aa-4a97-91d0-b1900df64ae62,8.2105,60.0652,50.0256,15.5
voa-bf9f5958-8f85-4a53-acb9-b2e9180790403,8.1584,51.365,53.1618,15.8
voa-bfa11dc8-95e6-40b3-8e8a-6089ca127a153,9.4568,45.0586,57.6749,23.1333
voa-bfbc2e5b-23e9-4698-b69f-5ddf2a0a37af1,6.8974,74.4974,60.0,19.0
voa-bff7b509-75bd-4f14-904c-cb3243e7ef322,8.9042,44.8741,44.7004,23.0667
voa-c01b91ca-a45b-4d0d-b021-c5efd4cedfb13,9.27,51.2467,54.2222,20.3
voa-c102da7d-e5a5-4411-9a06-bc5cc2fa5a261,8.5318,49.9348,52.8736,14.5
voa-c1372678-a005-4eda-ac5f-df9c6853be6d2,8.359,55.4055,51.1004,21.3333
voa-c14d45c9-4ad1-411d-90be-040520574e3e1,7.9452,74.8266,71.0,15.2
voa-c1811430-48ac-4b0a-bd49-ededbc416b311,8.42,60.3994,59.0,17.1
voa-c19e386d-3738-4395-8b18-2a54bb3fa3a31,8.1681,52.4231,50.0,17.9
voa-c1c53220-02da-4b7f-b36a-ef9535df2c5b2,8.8186,56.1236,55.6939,22.7
voa-c28fdf07-1eba-4508-86af-a8e6bb3e15ae1,9.0974,50.5477,57.1429,14.1
voa-c2a3fac1-3c5e-482c-a6c3-36510cd920e81,7.6878,52.1476,58.0,16.2
voa-c2d5f22e-07ec-4be7-9bf8-7db41de694ad3,8.6221,49.2792,54.8076,18.2667
voa-c2d985ff-6c75-4949-92b0-92aecc325abf3,9.7205,45.0717,50.9783,19.0667
voa-c33cde3b-149b-4e7a-9854-df6aa2df4b751,8.5201,53.6393,55.0,18.6
voa-c342723d-5547-4390-9261-69c9aa00806e1,9.1187,51.4476,47.0,20.4
voa-c3769035-18ed-4326-811f-77daef2c29041,8.4287,62.49,58.3333,18.7
voa-c3c4b1f7-e956-4096-b57d-32c12eb99f3b3,10.6351,40.7667,49.773,22.9333
voa-c45edb66-2d74-4192-b0ca-30da53f9398c3,9.7653,43.0328,53.0512,23.8333
voa-c4bfbe3e-f160-4b65-afb4-15a2852c1e502,8.7193,42.5597,52.3171,20.2
voa-c4c1e476-1d57-4c49-bbc5-6cb3a85da6292,8.5281,56.5484,52.8726,18.9333
voa-c4e77c8a-27f7-4241-a66a-de005c46ee3a3,9.3441,48.7804,51.6053,21.5667
voa-c55c0efb-7bee-4f17-89d0-4378fe2f43dd2,8.8671,40.4265,40.2626,24.4667
voa-c591ade3-a650-4db8-b1c3-ef653cb6bad33,8.7507,58.4223,57.461,19.3667
voa-c5a41955-cc40-4536-832c-02ed630031903,8.3444,64.9841,63.3991,16.8667
voa-c5a52dd9-f371-4fa0-8c5c-06fe38e59fa01,8.4649,60.3716,52.5773,18.3
voa-c5c78e9e-dcd3-4ee7-aa49-3b99d2c9a12c3,7.0846,68.3499,66.8416,18.8667
voa-c6023463-e1d5-4b59-809b-0faeaadd3d911,9.4565,41.6231,50.0,22.4
voa-c6d06fe4-ee4e-4849-8c41-71ca6fe060a02,8.268,60.9471,55.1552,24.3333
voa-c6d0a371-0bfa-4a05-9af4-058a9a22438e1,7.9775,65.1264,54.0,17.3
voa-c707b1fb-4e3a-4b2b-91ae-7f523f4d57dd2,9.3258,47.3825,52.381,24.8
voa-c70ebc99-b14f-4474-bcc2-e528904336051,8.6382,64.994,50.0,12.9
voa-c71276f8-ff54-43ef-b562-df52d230a1df3,9.5694,56.2004,55.6667,18.7667
voa-c720ec0c-47a5-4d58-8817-de2b30121abf2,9.8379,47.3602,54.3236,25.6667
voa-c73a9bcc-0a8e-4c12-92ea-e374617fe0b93,9.7074,47.2778,49.5017,19.5667
voa-c7cdb499-2bb2-4cce-bc5b-9112e72dbe952,8.3022,68.6916,61.5791,20.4333
voa-c7eb6535-c5c8-454b-9399-f9e2461648982,8.5957,48.6245,46.6572,21.8
voa-c80ba668-eec2-4cc9-9fdf-9d66f7def1402,8.7177,49.5435,53.1515,24.3
voa-c882fc23-ad30-4418-9ee6-c5244351ae9e1,9.2327,39.1048,47.3118,14.9
voa-c88d1680-4dc5-4ba9-a33b-a572f27f19553,9.1208,34.1041,50.6944,21.8333
voa-c8acb9a7-b4ca-4524-b04b-1b0ca0f4cc922,9.6261,52.5833,53.461,20.8
voa-c8bda60f-1946-4c9a-94bb-961b737ce5bd1,9.1559,28.2442,50.0,14.6
voa-c8e7d531-009e-4691-9de4-8ed183a923902,8.3198,57.4064,59.1111,23.1333
voa-c91c159f-88ec-48d7-a935-356aeacfb3911,6.7402,84.4354,65.0,15.8
voa-c934701b-c23d-4996-acc2-bd4532bab7a11,8.0884,65.3788,57.0,15.1
voa-c9a59c1e-8f55-4cf9-889c-c278114b339e1,8.6982,58.2496,56.4706,19.2
voa-c9a63c87-6295-4cef-87f6-6b222a3fd3b41,8.2775,67.3458,57.1429,14.9
voa-c9c3af6d-79ac-40f9-8782-86e11f99c8d21,8.8757,52.4198,48.0,17.5
voa-c9c6e1b9-ba88-4007-a9e1-36f6da5df4631,7.6477,66.4562,60.0,17.5
voa-c9e09557-ead3-4deb-9efc-2c57275dfcba2,10.1258,41.3526,51.0392,28.6667
voa-ca889f7d-f75b-4ff0-be5a-837f591763261,7.9842,67.8232,61.0,17.3
voa-cab6bd1e-1750-401a-b442-7ad9cf06debf2,9.966,50.695,50.3525,18.6667
voa-cac5a05b-a739-4343-a6d6-341f38b35aaa1,9.0762,34.3762,47.1264,14.4
voa-caefeb72-de70-488c-aa8f-6e0ca52dcfb83,9.8643,41.3312,48.1378,17.5
voa-cb25d691-93fa-4b59-928f-1622047cf4621,10.2379,41.4339,45.1613,19.1
voa-cb2bb9f7-ad75-4c18-b0ab-32fcda87d4ce3,8.2291,64.9142,62.304,22.8
voa-cb4b194b-46e8-46ed-8182-c1f921865d253,9.3967,51.5362,52.4118,18.6667
voa-cb5431f2-50ed-43d0-8343-89a3c46d9d263,9.5733,32.2901,48.7766,26.9667
voa-cb7437c7-6285-48d5-aa74-699b70b674611,9.1697,56.4762,58.0,18.9
voa-cc37c9c8-18a8-419e-899b-a4482f313a4c1,8.3972,52.4198,53.0,17.0
voa-cc62166f-c16a-4f35-b89c-e5fe9cbb6ef51,8.6443,48.9164,56.0,18.7
voa-cc6c197a-b65e-4ed3-9d96-f3650ce95f743,9.3,51.0255,53.0266,20.4667
voa-ccf7482a-0d2e-4592-8105-58d0e8dd5e7f2,9.3036,48.3334,54.4373,18.7667
voa-cd873cd0-a072-4f86-9241-24ee18ca30073,8.177,53.8233,54.7585,28.1
voa-cd8f0f47-9c71-4eb5-a04a-e838cfcdef4b3,8.9108,58.2143,57.3333,19.6667
voa-cdafd548-0fe7-46d7-a678-1ea48fe2a2503,9.3062,46.5252,51.2248,20.5
voa-cdc47408-03e7-4c87-8062-f13622549b951,8.9586,44.5158,52.0408,16.9
voa-cdd83788-8a49-475c-94bb-9a336a93218d1,8.9167,59.7319,53.5354,17.0
voa-ce0a58ee-7722-4e60-a0bb-d755cf542b712,8.5192,47.2875,46.3257,21.1333
voa-ce24e265-a764-4082-9230-76af0b6ae56c2,8.5251,61.3835,58.2043,15.9
voa-ce339ec9-8962-4bea-9cb5-9e3bac3290003,9.3725,40.1808,52.8991,26.1333
voa-ce8cd771-6e17-4202-848d-79935afafd953,9.5617,36.1272,52.19,22.2333
voa-ceeab327-c606-4742-bf54-77b45bac71c12,9.488,44.333,49.1221,25.6667
voa-cf6f164c-ad60-4d03-aa7e-ffc9838112602,9.6392,48.6325,52.4505,22.8333
voa-cf7744ab-6ec1-41ed-a76e-ba0d2b33d1b22,9.9099,44.2714,50.6233,26.6667
voa-cff7a7e5-4d35-49b4-8f00-17e392e46a4e1,8.4869,60.681,53.6585,17.8
voa-d01d5581-8087-4445-941f-0a4f117856541,7.4944,73.0271,61.0,18.4
voa-d026d45f-5da3-43fd-95ee-0dc3893146bc3,8.8933,55.9806,52.7046,23.7333
voa-d034fb22-71b2-40a4-a702-01d1dd437d3e3,8.5682,54.3429,53.919,24.8333
voa-d0446252-b293-4a44-933c-c57872c757631,8.8011,54.86,51.1111,15.1
voa-d09e90c5-06da-4b77-9691-7a72ae317be63,8.5932,57.7879,58.3659,21.1
voa-d0a884a2-817b-41b1-95af-30d2ebea513f1,6.887,66.8659,53.0,15.4
voa-d10cb584-021e-49f2-bea2-667666a143de2,9.5453,40.6772,45.9313,24.1667
voa-d11442d7-113c-4932-8054-7cca14ca60322,7.7141,64.9808,57.0,21.0
voa-d14cd00c-8a39-43a1-a7d6-65c9fd7167a31,8.4096,56.5839,53.0,20.0
voa-d1ede725-fbb9-4762-9cb2-441838ad196b3,10.3078,38.8316,49.8385,24.9667
voa-d205dc27-c455-4292-99f7-a2d1998aa6c92,8.7066,51.3575,44.0,22.8
voa-d2272bc6-385f-430c-99f7-55788cba999e2,7.4358,78.9905,67.9582,18.0667
voa-d243c586-e702-42e0-977a-6cdc628d436a3,8.9939,58.681,57.3333,17.8333
voa-d24b3118-3432-4887-abb6-80c8b406e3a31,7.1803,72.1248,60.0,17.6
voa-d29d7cd9-9774-4bc2-9335-cc8868000d943,9.791,52.6759,55.9735,20.6667
voa-d2ad9a74-b286-4268-af0a-9ef9f28d61922,10.0623,40.9212,49.6471,23.2
voa-d2d75cf7-a136-4982-b969-e394aaa461901,6.7144,64.4289,63.1579,10.7
voa-d349da45-bcf6-495b-b186-556cef3e05b81,7.1399,65.114,52.0,15.3
voa-d392a697-e2b8-43a4-b975-026a890e26b23,7.9077,62.1465,53.8726,14.8667
voa-d3c56cb0-0bfb-455a-8e91-ba6d2620f2523,8.9602,58.4398,60.0583,17.0333
voa-d406dd4b-e2c8-4618-bda1-ee20028669341,6.5283,73.4231,67.0,15.2
voa-d46461fd-90b1-4341-b9e1-a2ecd22791cd2,8.3625,59.6693,56.4661,19.5
voa-d4b71055-9860-4fdb-895b-657f9928ab5e1,9.7471,42.8785,47.5,17.7
voa-d5112029-c587-44bd-8956-65cc03824d412,8.8528,51.5594,44.6275,21.1333
voa-d5333e67-4a2d-482d-a905-d47e3a47b8c91,8.0326,59.4276,58.2418,20.5
voa-d557af63-3789-4740-9ee9-e0a603f894ce1,10.2738,28.8784,40.8602,15.0
voa-d569b434-d560-49f0-afbd-5cf219d8c84f2,8.0869,54.7684,51.5052,20.6
voa-d5bad9f3-abe4-435f-9a2f-79d8644e0d571,7.439,53.1259,52.1277,15.8
voa-d6c11894-3808-4d24-9ce9-70484e5b792a2,7.1436,70.2769,65.0,21.5
voa-d6c81b8b-7afd-4e0b-9bec-e6843ea839862,9.7018,38.1071,44.6735,27.7
voa-d7913f9e-eca7-435a-acda-e3cfc470c0292,9.1082,47.4949,50.7552,26.2333
voa-d7d6e932-8510-4dea-b377-a77ba89b9afd2,10.2449,37.5333,47.1616,19.0667
voa-d7e016a1-da1a-4707-9f90-ed3134e1ea731,10.4977,52.6073,56.5789,17.3
voa-d844b3e9-6867-4592-9e19-bbaaa04ba8832,9.6779,46.1545,46.3988,20.8333
voa-d85971f2-da27-4f89-be79-919b604c9d241,8.913,62.0173,55.0,17.8
voa-d86c509f-7569-411a-a06f-bd095b0d99be2,9.2935,57.9011,52.1616,18.9
voa-d90e38e1-b1a4-4981-9f3a-ae20a4ae0a832,9.4972,43.4593,49.0,26.4333
voa-d923c096-9025-4cb3-800a-24939ed93f4f3,9.7547,43.0727,53.3488,19.5
voa-d9984b58-096b-4605-8b4b-211422853fe61,7.5592,43.4532,55.4348,15.0
voa-dadf74ac-56c0-4378-a13c-96aa0b8fba182,9.3692,52.6432,54.4394,24.2667
voa-db50b4ce-4111-43a2-87bc-b66fa14d14d62,7.2157,68.1092,67.8114,25.5
voa-dbfa2ffb-6525-4d79-b79f-aa89fb7a70e62,7.7505,62.2911,66.2349,20.4
voa-dc0907fd-7e39-423d-956b-1b9dfe3cd4892,7.5459,66.9207,56.0317,19.0
voa-dc4c63a2-e832-4007-9f2e-140f8b3630fa3,9.9132,41.6312,46.4488,19.6333
voa-dca200e8-4653-455f-9d9c-a54350f713be2,9.8964,30.852,43.2222,20.5
voa-dcccf5c7-963f-498a-a8eb-3bf415d450711,9.4373,55.5602,56.8421,17.9
voa-dd196976-54d6-4828-a3b0-a1e8aa6daed83,9.3956,54.9065,58.6462,22.0667
voa-dd4ecb60-edd8-4889-97d0-341c78352ebb1,8.7897,61.5325,58.0247,18.2
voa-ddac2a14-80ba-4cd5-8f74-39e9c6d1cbe63,8.1839,64.9022,62.9384,18.5333
voa-ddc63e1d-e8bb-4e1e-a701-6717f4dc486e3,9.5143,43.1522,49.966,20.0333
voa-ddf0a9df-0b7f-490f-b41d-16c8776b190d1,7.6907,67.4698,62.0,19.8
voa-ddf92f78-000e-4181-be6d-a26da5887fd62,9.7156,46.4959,53.9223,28.6667
voa-de0c5f28-ab82-409e-88cf-02d4c15edfa52,8.9324,51.88,60.3401,25.6667
voa-dec23a4d-50ce-42c0-aa43-8602110389712,9.278,52.7195,54.1805,20.0
voa-deed5754-d489-49ed-9c17-724989c6d8161,7.6739,59.2417,58.0,19.3
voa-dfa598b4-f721-4d79-aad0-09532c2d74d61,8.4801,47.3735,49.4737,20.3
voa-dfde50a7-8eea-467e-9f05-4ce341aa112e2,8.7702,57.2502,49.4781,18.8
voa-e04232e4-20a7-498d-84ff-4fa70f4861223,8.3044,68.3255,62.9642,21.8
voa-e05da19a-58ca-4f2f-94d0-b69353757b922,8.0182,53.0483,50.2292,17.3333
voa-e0d9c28d-0cb9-4006-ad97-489af98c632f1,8.2503,52.9806,55.0,21.4
voa-e0e69090-e653-466c-9f0f-8152aa4c6ae33,9.7009,45.2552,46.1023,22.3333
voa-e0eac8ac-1c62-470a-8ea7-132638f7212d2,10.1937,40.973,46.7894,20.8333
voa-e11fa1a2-8596-41c0-b20d-7d3afd3493ef3,7.0825,66.1157,59.2314,16.8
voa-e183a232-9de5-4eb7-8a4c-4072be331f033,8.9172,56.7151,59.733,20.4667
voa-e1947da4-8d9c-4009-94b9-c7d57ee47db03,8.6415,50.4356,53.547,17.0667
voa-e198551a-2818-4330-940c-6dd3347557293,10.3763,37.9878,49.0,19.9333
voa-e1ac47fe-dcd8-4c88-b665-4ee78040262f3,8.6623,58.5871,58.9825,22.8
voa-e1ecad4b-290b-462c-8e19-70392d2c55651,8.6192,59.7675,53.8462,17.9
voa-e2221647-e784-4369-964a-902a83adf8022,7.7246,55.1411,52.2441,19.9333
voa-e22ba57f-f216-4db9-bfed-2a2f7793c63f2,7.6258,74.7311,62.7891,19.1
voa-e29ba8b9-f4dc-4a48-91df-8610c6b9be723,7.8986,54.7611,59.9721,21.4333
voa-e2c88e31-1b8f-4893-a8ce-b32ce55c4e2b2,7.255,75.601,55.0,20.2
voa-e345a793-922d-42c2-b284-edcd1654c6f82,10.1223,39.9904,43.9968,20.0667
voa-e347e849-fdb7-4028-aa87-2915ee78e74b3,8.3245,58.3096,56.9298,18.0
voa-e434cccd-fa21-4d90-8f61-b94032dea45b3,9.5102,53.8881,58.1652,22.0667
voa-e43ff4ac-3fc5-42db-89b1-129c3e1b5d571,7.8756,63.1352,65.0,19.9
voa-e469af85-6554-4bb1-b090-b1ea2cc5cf2a1,8.9581,50.4077,48.4848,22.0
voa-e480e78c-18e7-4e50-8998-eb5640a50e883,9.9441,42.305,45.8478,18.7333
voa-e4d5818f-c900-4e3e-96f3-a8b7305a9fad1,9.6947,51.096,52.809,20.2
voa-e4e96e46-95fa-4187-85e7-9ad41a9b1e8b2,8.2171,62.7049,61.1769,23.4667
voa-e4fbfb2f-4acf-4062-a50a-e9f01cdba9301,8.0884,65.3788,57.0,14.3
voa-e5024579-6847-4a21-a45b-42f39b1db23a1,7.1818,64.1758,59.1398,18.9
voa-e55eab8e-9421-41c4-b97f-8a4f1c6d79841,7.053,69.1196,60.0,14.9
voa-e58bf4c9-473e-47df-8d3b-14ecd34b16002,8.8463,56.7319,56.9722,18.7333
voa-e5afcdd4-da5f-4517-bc05-fc746b7a644b2,8.1986,50.8809,52.221,27.6
voa-e6d167bd-bb09-4720-8a6b-f3dcc225da4b2,10.0468,34.5803,48.0136,17.3
voa-e6ec7105-ff93-4217-812a-12832c7656ef1,7.8708,61.8368,56.0,20.3
voa-e7037d94-5456-4002-9ef5-50628a88c87c2,8.5637,53.9786,52.9427,26.3333
voa-e8133d9d-ff1e-490b-947d-b2d7db46f0ba3,8.4304,50.646,56.5662,23.2667
voa-e88f59b9-6168-420e-98f2-c2a8353d00741,9.2389,58.0053,53.5354,17.4
voa-e8e71681-5049-43c5-a99b-2179d3709f541,8.9536,53.3308,56.5789,14.1
voa-e906f655-d8c9-421e-8cd2-b4619e5a5d163,7.6255,69.8789,65.3333,19.8333
voa-e948c4da-af36-4ff7-8ada-ce5f6a88b5581,7.9708,59.4267,57.0,21.9
voa-e9aeb338-f162-400f-9358-6ec35ef178853,9.0635,47.5971,53.0009,21.8667
voa-e9b8fe8d-18f5-4104-87ee-556b79f3dd903,8.7871,61.5652,55.6466,18.6333
voa-e9ceb084-ea78-401b-88a4-a5c8ec4a777e3,8.6044,56.9075,56.0842,19.9667
voa-e9d82064-cc25-466b-8d0a-565166762d7f2,9.1615,47.5917,51.119,21.0333
voa-e9d8f11a-ebc1-4d26-bd6a-c73d3daa86d32,10.6524,31.6511,45.6953,26.3
voa-ea3e6fca-899f-4b48-b9ec-e2b2f1ad96652,9.3261,61.8031,56.6419,23.3667
voa-ea7cb61e-9cbc-4ce6-8a8c-339b485931e63,9.0593,52.2368,52.2562,19.9333
voa-eab39f13-4119-45b1-8169-0e5d98f534b32,9.9826,49.3885,45.5266,18.7333
voa-eafee72c-fc26-4941-a0cf-bcf0de5861d72,7.9592,65.32,63.7515,17.9
voa-eb00420f-abf6-4553-917b-2a0dbbe4c1862,9.9441,41.3428,51.5278,24.2667
voa-eb11d4d3-cda0-4e74-acd7-4ab8a72b27372,7.6011,64.5346,57.7014,18.4333
voa-eb41b6f6-38cc-4568-9256-5016e93e014d1,9.2322,44.1942,42.6829,17.7
voa-ebd11fd4-0402-4444-b62a-848669f8ad431,8.3449,56.4645,49.0,15.1
voa-ebe8de7a-409d-4b4c-a339-1d1a6eb918912,9.0352,54.7877,53.52,18.2333
voa-ebea3e0f-9ec3-43ba-81a7-6d95cba3a5523,9.463,42.8307,54.3333,26.9667
voa-ebf704d7-4861-4a1c-bb25-9cda6d527aff3,8.0896,64.4492,65.1264,17.6667
voa-ec6a19aa-0c92-4fd2-8e8c-e82d56be0d323,9.5304,53.9985,56.6306,21.1667
voa-ec715f3b-9313-4002-9ea8-17e7dbd4298e1,7.6889,63.5014,58.0,21.9
voa-ecf7cb96-7005-47e5-9d08-124d7e23cbb92,9.9095,37.9554,49.4956,23.3333
voa-eda68da4-7cc7-46ad-bfe3-bc7560875a322,8.9078,51.4557,52.2375,19.7667
voa-edaa2e73-e366-4fd0-ba11-603dff763a3c1,8.8741,54.1358,50.0,17.0
voa-edcc4c6e-a9d8-41ed-9f2b-22e0307105c11,9.0999,48.8396,44.4444,15.1
voa-eddaff46-d256-471b-9ff7-ad66348f86be1,7.2662,57.61,58.0,14.3
voa-edef9f79-11a0-4c77-b536-08ff619968191,9.7678,41.7639,50.5376,20.2
voa-ee018e91-8f62-4cb6-9b55-e0a931b60c4b1,7.0371,76.7002,67.0,14.9
voa-ee13624d-f938-445e-b8ed-540e06de30fc3,8.6396,54.9815,57.7326,21.3333
voa-ee1b8fb6-489c-407e-82d5-66a0ec73d0e12,9.0399,40.4932,52.5249,24.2667
voa-ee212f3c-e195-41f6-b98a-9f52a17147113,9.3448,43.4318,44.7895,20.0667
voa-eeacc541-29f8-406b-99bf-7ca2b96ff6472,9.7372,50.3941,55.5926,23.6
voa-eef7cde5-d1b5-4664-85e9-2d1c0500e8cd1,7.9929,67.5053,65.9341,17.3
voa-ef4fcff2-3813-47aa-82f1-c32412d1c5661,8.5562,65.4339,60.2041,18.7
voa-ef58b00e-0177-4a12-8277-3cc5b66f582a1,7.6444,61.2444,55.0,14.2
voa-efbb4366-b244-48c7-8154-b9a52ee09bc21,9.8834,57.1421,53.0612,16.6
voa-efe9ed5c-3c55-4146-9a6d-dc1237a7b49f3,9.3943,48.5663,57.5733,15.8333
voa-f02e0086-af4f-42a1-b0a7-4664e68ad1691,8.3486,49.1727,53.4091,20.0
voa-f047f4fa-2de9-4428-91fc-e47970f7a6e31,7.4261,59.5049,60.0,19.3
voa-f05d7b88-cc77-4284-858f-cae9c6bc23133,7.5113,62.8871,64.888,30.6333
voa-f0ef4677-0aa8-4965-a50a-3e2d789aa3e72,9.0355,47.8835,49.8339,20.1667
voa-f106684d-b940-4ba4-912e-6e5c0c9e64da1,8.1711,69.2147,59.0,17.1
voa-f1c0f7ba-4ac1-4677-bfd4-0deb82bff47d3,8.2096,66.16,62.4635,19.2333
voa-f1d10c2a-c74d-414d-9c46-2d9b814532dc1,8.8423,51.9128,53.5354,18.6
voa-f21619ce-44f6-4c3a-bd97-547fdae3bcac1,8.134,55.605,54.4444,16.7
voa-f2c8cbaf-86c5-4097-be39-e39db4b8e1923,9.0329,50.376,54.2743,18.8667
voa-f311b98f-0699-4ba1-9255-b1ae74401aa03,9.0993,46.5023,49.4251,25.6333
voa-f346ddcd-b6c0-41ac-a4e8-4df944f99d302,8.1281,54.4021,52.8831,19.1333
voa-f3d45288-4858-4be7-8fd0-60c7e70a7af62,9.4948,52.9845,55.4902,24.4333
voa-f42fd597-6b7d-451b-855b-a60e7dc1a8c42,7.6931,66.2978,63.6667,21.6333
voa-f46f16ef-d1b7-425e-888b-8d6791132f503,8.6734,54.6655,60.2642,31.0
voa-f484fec7-7c43-4ac3-855b-cf0783e114211,8.4808,59.2061,61.6279,14.3
voa-f4c7dd54-6ebc-4297-833a-c3d00ea54aff3,8.7147,54.6811,57.8314,18.1333
voa-f4f4cec7-00be-439f-967b-a1e8159ac2d53,8.346,60.8472,60.1197,21.3333
voa-f5024796-3c69-4027-a921-450dfb9870d92,10.4287,42.4683,50.9825,22.4333
voa-f5260fe6-5657-4b74-9b9a-6aa7470553c53,8.3949,57.1975,56.856,20.2
voa-f5684ffb-e24f-40fe-a59c-044ce3b09b803,10.9533,40.5803,50.0213,24.5333
voa-f5ae2bfd-751c-4f8c-bbeb-cb795ccafe092,8.3255,62.0366,48.0,19.6
voa-f65916bc-0e29-4bed-b676-94b20b9edf223,8.9765,49.966,59.2256,29.5333
voa-f6fe3c9e-5d88-4c9c-bc64-a8348298c50c3,9.0555,47.1034,50.7196,19.7
voa-f7babf4f-f885-40ea-a3b8-c30a1882a50c1,9.5459,40.463,52.6882,21.0
voa-f80fba89-2e38-437a-818c-3ac900c462972,7.3558,68.0942,61.1562,16.6
voa-f8e68e46-99b4-439e-b71c-eb00b879a98a3,9.1384,58.9402,62.2222,21.9667
voa-f8e95374-3b63-4555-a90c-edf83d1fbc423,7.9534,54.5359,53.2749,19.4333
voa-f8fe6b67-c984-418b-bd15-adbe4586feaf1,8.5944,60.5951,61.0,17.8
voa-f91efbc5-7c19-4078-969c-aead8c3fdfbe1,9.1264,46.9791,56.0,15.1
voa-f97eb8c6-94d7-4d52-a88e-2beb4bc3b8d92,8.2734,52.9977,53.2568,21.3333
voa-f9b63a11-d323-42ed-8aa7-e8668950b3023,8.7476,52.7955,54.5977,22.2
voa-fa2be461-f97a-4a85-90ab-a57a3800a0632,7.7228,60.1105,54.0499,21.2
voa-faae5834-6400-45a4-b931-f73f7c2c39502,8.4502,51.8402,58.0,23.6
voa-fb29baca-2a85-46d7-b0c9-42b61923ebca1,8.814,49.1843,52.6316,14.2
voa-fb66ddec-c03c-47ff-81e8-840ae356bae53,8.4281,57.9814,58.6667,18.4
voa-fb692442-57b7-45a1-8147-ec8ecc1819df1,8.547,55.8598,49.4737,15.9
voa-fb8e2458-bbc9-4294-a9a3-10ab65ac14332,8.6647,48.9603,53.4502,22.4667
voa-fb97dd54-ead7-42e1-9a2b-183f99d4f3b52,8.3317,64.7931,51.8466,21.7
voa-fbf2b69a-5872-4ac1-bdac-5434263c31f43,8.78,59.709,55.8859,22.5
voa-fbf944c4-71a2-4d90-8b8a-006b8bc397f52,7.6669,62.1028,52.0426,18.0
voa-fc03d0cf-3aae-42b0-8a7b-799533ac3bce3,10.0013,48.339,54.1228,24.1
voa-fc44c964-61fd-48b4-82ac-3934d22d9d713,9.796,45.0253,51.5758,20.4333
voa-fc8a2d48-c2fe-4e54-945c-d930050a4bd41,9.378,46.9545,48.9796,16.4
voa-fc8c8418-93c4-4877-8623-e91677473a551,8.6192,49.5411,53.8462,16.9
voa-fcdb161a-2420-42bc-887c-1452477f02552,8.593,59.0444,59.2707,17.1667
voa-fd2469dd-4a35-4110-bffe-bb235c71dd483,7.6797,51.7273,57.037,22.0
voa-fd274595-8738-47dc-be2b-b304eb3dd5ef1,8.5664,50.8318,50.0,16.7
voa-fd3e6283-5018-4af4-9e3a-2db85f1c0b812,8.6667,54.9876,50.1718,23.0
voa-fd4f56ad-0512-45f6-9969-b4c459c623d82,9.3804,44.6276,53.3166,20.6667
voa-fd821e47-7840-4f90-b293-1597d34df32e3,7.8505,56.4435,54.5717,21.2333
voa-fdffae13-9c9b-4131-a0a2-6827f00cdf3b2,7.4012,52.9679,47.0,19.4
voa-fe0cdee7-87e0-4b8d-bafd-82dfe288da581,8.2377,51.5653,57.5758,16.6
voa-fe1c71ba-4779-4d61-b634-5d52455c1c602,8.9614,53.153,55.9003,19.5333
voa-fe1d5af3-c597-4212-8c46-0795d0f738cd3,8.9806,51.0016,58.5152,24.1333
voa-fe8b0cd1-4a06-4ca9-a2a9-6d1f575a85c63,9.911,43.5579,52.0798,20.2
voa-fea9d9a7-7674-454c-abec-24beba0ae1723,8.0623,56.2012,60.6803,22.6333
voa-fec47638-b5f7-42c0-b26c-4aedf951ac573,10.2856,40.5169,50.0,23.9333
voa-fed85077-e1dc-4c01-945e-0dc2bca572ae2,8.6608,58.97,54.1817,18.7
voa-feed5ef0-f368-4d3a-832e-6cadfdf3f4c82,9.7327,42.6995,54.2093,24.5
voa-ff143671-eb57-4db4-9b34-d5555cf5f7773,8.371,56.806,58.9948,23.6667
voa-ff3a8b1c-d177-48ac-b1f9-2fe25c03293a1,9.2002,57.9423,56.0,23.8
voa-ff439778-04e3-4240-8932-b90db23bdd4e2,8.4196,54.3698,52.3103,18.2667
