ID,DCR,FRE,LW,MER,FEL,RL
voa-001c6ff0-9fb7-4d23-9bf3-a26929ee52c83,10.2023,35.8661,48.9362,26.1,15.8667,7.0818
voa-0022123d-c8a7-405d-af97-b6a8aa7d110e2,9.671,31.3742,55.6826,47.6667,22.1667,8.942
voa-005da417-c2ad-48f4-a08c-c0800f79d33c2,9.2395,48.5956,49.9387,18.8,9.6667,3.7229
voa-00860f99-097f-4349-9691-fb435e27d3c31,10.6288,32.5333,54.2553,22.2,13.6667,5.1209
voa-00da8787-0446-440f-8e43-a5b45215773f1,8.5267,52.5105,56.3218,31.0,12.25,7.7582
voa-01068267-2295-4f16-8201-0fe7fcd014eb2,9.815,49.4291,55.9292,26.4333,11.8611,8.3271
voa-0157644f-3933-4e00-b40a-0096acdab6842,8.2935,51.8915,52.6479,23.5333,10.5,6.1656
voa-0169d0ba-1c6f-492b-a479-92c7da461c7a2,9.0362,52.9346,54.5606,26.6667,11.3889,8.3083
voa-01825248-a485-493f-bad5-fda948113aa93,9.7033,50.131,56.4551,23.5667,11.4,5.4697
voa-01be69a0-d74c-464a-bce7-1e76caaecb691,8.2707,69.7927,61.0,28.0,7.5,5.8138
voa-01da2cf8-aec1-4d54-9b21-bcd360f348312,8.3811,58.4049,54.8485,19.1,8.131,5.1032
voa-01dc0158-15fe-40de-916a-09a1237678eb3,7.084,66.8661,61.4209,20.5,6.7963,6.5298
voa-01ff6468-468c-4d19-bcee-77b073c9e68d1,10.6689,25.8267,47.561,18.3,13.3333,5.9748
voa-0253c0d2-1d1a-482f-b886-1612d38172181,8.436,62.0914,57.0,31.7,9.8333,10.6699
voa-02885ad8-e051-4430-b542-aaeb4a9a5d172,7.43,72.6935,62.6116,23.0333,6.3,5.7819
voa-02889067-82e2-416a-bca2-343099f381a81,8.0064,63.4436,65.6566,20.0,7.4286,3.5725
voa-02ac096c-29b5-4187-b719-8c98e87e5aa93,9.3467,47.3954,54.6605,33.2667,13.9111,10.5047
voa-02fb06ba-d57f-4ab4-ace2-37b4bced855f3,9.7734,39.9761,48.9298,24.8667,13.7429,7.4913
voa-0348227f-0217-48ce-ac9e-277f103a731a2,8.8075,47.1733,57.6767,30.9333,13.5556,7.1712
voa-034fa7dc-a4c6-4ad9-b619-fc95481b92b11,9.4473,42.6408,47.0,28.8,14.2,7.8372
voa-03abe405-0ac2-47db-83b1-d59e4971313f1,9.5968,47.6438,54.1667,34.5,14.25,19.496
voa-045457d5-d7d8-4331-a714-64d8c345745d3,10.5667,35.881,49.8441,30.8333,17.4167,7.3319
voa-04764b3c-da15-44da-afca-ab3295502bcf1,8.4707,50.3149,57.0,34.2,13.6,11.6548
voa-0494bc20-d6bc-4a3c-80b6-7a1a673f96bf3,10.8351,22.5539,54.6627,38.6333,24.6222,8.3177
voa-0545a338-9629-4d19-8fab-3b29d784539f3,8.0549,62.4427,61.6207,22.3333,8.5159,4.4568
voa-06526d3c-e9e0-4b4d-b3de-113d05c64b202,9.4172,46.762,54.711,23.0667,11.625,5.7647
voa-065a2bcf-33f3-4bc4-889e-e5adf9d4e7eb3,8.4542,64.3187,60.5921,20.6667,7.8595,5.2349
voa-06756f69-21cf-4579-b171-fb7776bbbf993,8.7485,49.5356,56.832,26.3,12.4444,6.0116
voa-06838ce8-ca68-4363-af62-db0e3a9c69983,10.0018,50.4091,60.4942,36.9333,12.0278,10.9798
voa-06b5ff95-3ddd-4cdc-bd6e-0b12f60999ec2,10.7014,34.4067,40.6148,25.2,15.0905,6.704
voa-072edbdb-92fb-45b6-8d96-c88df61275893,8.745,60.1264,61.2899,22.9,8.8794,4.2828
voa-07c12bb4-ab7b-40c4-be91-6ae0997228c11,7.5529,66.1442,66.0,30.4,8.6,6.7255
voa-07ee7827-2277-4e4e-b1de-8c68fcccb9932,10.0559,42.0079,47.0373,21.1333,11.7286,5.9829
voa-0814e0f8-c383-436b-8f44-d2178873a2933,9.6928,46.2711,56.0284,27.1333,13.45,8.0946
voa-081eb797-05fd-49ae-9baa-38d28ec938a03,7.6964,71.9792,64.1883,26.0667,6.7889,4.7489
voa-08207996-7ed4-4d13-8ea1-39e81a2df3673,9.9541,50.2908,63.1611,31.1667,13.7333,7.4233
voa-084ec6ec-6b81-45eb-8bfd-1838f9ba58143,8.8851,53.9137,59.0185,30.6,12.2778,6.5425
voa-08fcae98-6e95-492f-bda5-fda2f256c7f33,9.4491,31.4803,47.5258,31.0333,18.1667,7.3869
voa-08fdabab-157a-4e41-8fb6-4c86919051621,10.9468,23.4539,43.0108,42.7,24.6667,10.563
voa-09a89fd7-4ddc-422d-b875-951b088cf3522,8.9841,57.8049,57.2875,27.4667,10.1944,5.4486
voa-0a0a661b-cbc7-4e30-9493-d1723148128c2,10.005,52.9823,55.0,31.5,12.2833,6.9668
voa-0a5c9d27-e7ad-4f28-82b6-be4a5a49a66e1,8.7433,62.5284,51.5789,23.2,8.1667,6.0182
voa-0a6acc8d-d71f-4c20-b767-2c58e51814401,9.0283,59.5555,54.0,25.7,9.5,6.1815
voa-0a7e3c05-6e5e-4c4e-a625-0064452f5c9e1,7.8162,58.417,56.0,32.2,10.6,5.9155
voa-0aa049e2-6943-41af-925f-56e675d67db31,8.4173,52.8116,54.7619,22.8,10.4,7.428
voa-0ad6b0e8-9104-48d7-8b89-29e8939208f63,9.745,53.2899,56.0187,30.5667,12.0333,7.6448
voa-0b11d8c8-95dd-44d7-abe4-6bf5f3986b333,8.4247,54.3076,57.3729,25.4,10.2048,6.85
voa-0b4dc213-be41-4137-87d3-0e9f7b8e44383,9.2491,45.9242,53.1873,27.1667,13.3778,6.5314
voa-0b53f3b4-53e6-4e10-a37c-f40d638fb50b3,8.9819,48.7735,54.1542,26.2667,12.3333,5.9272
voa-0b67f3c8-453e-422f-aa4f-9754a8a994573,9.7929,39.9588,48.2585,22.4667,12.6667,5.7788
voa-0b79ecf3-7c49-4297-bfa9-1f9a2c928d1f2,9.5089,46.8348,50.0565,24.1333,11.7222,5.8853
voa-0bc63f49-9a70-4ca7-8bba-1d5a1c2be4821,10.5422,40.1775,58.8889,29.8,15.75,5.6464
voa-0bdbab14-fdd9-49cd-a8de-2d8e123bc6a53,9.5995,43.4577,51.6543,28.7,14.1,6.2376
voa-0c00ec41-127c-42a5-b86f-a4c3df9897161,10.0581,29.7764,57.5758,44.0,23.0,9.1269
voa-0c1f2167-b7b6-4654-a34c-ee77fafe70661,9.0111,44.6699,52.1127,19.6,10.6,9.9596
voa-0c1f6f63-3615-4679-aa0f-742cea54cad33,9.395,46.0634,55.8059,34.3,14.3278,7.4343
voa-0c35eed7-a115-4e58-b7c8-1a3ccb3b12e21,10.1318,54.6238,62.1622,19.8,9.2,8.0204
voa-0c9c4c3f-8dae-45e2-91cb-1cf5ff31fcf82,9.8744,42.6164,47.346,25.6,13.4167,5.7166
voa-0d50c51b-bdc5-4401-8aca-ac915aeb660b1,9.1832,49.3047,57.6087,25.6,11.8,6.8763
voa-0d81c141-7797-456f-a07e-f7c340eb72221,10.045,29.208,48.7805,28.8,17.5,7.2506
voa-0d9a37fa-8ed0-4b3c-a8ca-d77ea83c73cf1,10.2043,34.6221,50.0,36.3,18.5,11.619
voa-0e6d2147-2060-447c-9f7f-14fe6e30d9373,9.1697,41.1168,57.5219,33.7,18.4286,8.8598
voa-0e80ceca-7e33-4c66-9105-1b20ed7125d82,9.6374,51.2128,54.0691,23.7333,11.0349,5.5104
voa-0f515c3a-a7f1-405f-b69d-74c921e2967e2,8.558,67.0806,58.1321,19.9,7.0556,4.9451
voa-0fef1c76-dda5-4bf0-9ca8-818da08115e31,10.838,31.2778,54.9451,32.3,18.25,6.8261
voa-1092d224-c9c7-4fcb-8af3-974490e6086c3,9.9802,42.5742,51.6735,28.0,14.25,7.224
voa-109b9e54-d09a-442f-bebe-6c80524577762,9.6932,49.7624,50.6667,25.5,11.4,5.8932
voa-114c0322-2ba1-4df3-b671-0fec64c59b202,9.7258,40.7255,56.3175,42.0333,18.8333,10.719
voa-11743e18-4b9d-4feb-ab0c-1009c2a54a9d3,8.9816,61.9971,59.6068,25.8333,8.8222,6.1651
voa-11905aa0-c00b-4a47-8199-2e9d747ba60e3,9.1337,52.7415,59.0351,32.1,13.2444,8.7573
voa-11b7c083-3a57-4502-9e0c-750ad56020da2,8.1997,62.9429,56.4745,29.0333,9.5389,7.8035
voa-11e59dd5-2b42-494b-a707-270eb5ab9ebb3,8.9273,48.2548,52.5239,29.0333,13.1833,5.5624
voa-11f5949f-5642-4612-b2a9-11d01eb704a81,9.0909,50.385,52.2222,24.8,11.4,10.1234
voa-12286a3c-dac2-446c-a100-2dea5cc5279f2,10.0824,36.3855,52.364,36.2667,19.3,7.5663
voa-1274a740-3242-42ae-b3d7-61245bc8ccff3,9.3629,50.5552,57.6584,21.5667,10.7143,4.884
voa-1294cb48-162f-4ba1-bf8b-c15e59d216d92,9.1974,55.4832,58.8333,26.1333,10.5278,4.9145
voa-12ac4ab0-6d5f-4a23-8dfe-03b41192d6b31,9.826,40.3148,56.044,41.0,18.3333,10.2611
voa-12b38737-08c7-4910-941f-7ab306f91a0f2,9.2525,49.0946,53.3798,23.5667,11.0127,5.7494
voa-12cbc8ba-2f52-4c19-8733-ef653cc6db862,8.6601,66.2517,65.1795,24.7,8.1111,5.0416
voa-13751b81-b2c7-4922-9a1d-f7f8810670b91,10.0273,33.9902,49.4737,42.7,21.0,10.8006
voa-13885571-82dc-41d9-96d7-b943770c24492,7.9232,54.9895,56.27,26.4333,10.8648,5.5014
voa-139b5197-0073-47f1-bd37-35288e94d5232,8.4717,50.2822,51.0,23.9667,11.1639,7.9542
voa-13a474a5-98ce-4801-b20e-69357a8b93cb1,7.6912,78.7306,62.3656,19.3,4.7143,4.2663
voa-1473c555-8511-4229-9e8e-3c1dfca8fe8d1,9.6489,37.2956,58.5859,34.8,17.5,6.3673
voa-1496f708-5417-4732-8fa7-1e25744dc34a2,9.2052,46.8322,55.1785,33.2667,14.25,8.6921
voa-1519f2b0-e369-4d69-991e-a4908ba3a2893,7.9151,63.307,60.4236,24.3333,8.3333,5.5905
voa-1531f176-4397-4941-8575-ecf30d67eee13,10.367,39.2246,52.5478,32.2333,16.0889,8.2939
voa-154b3e31-a0d4-4853-ae86-3f2e5bf3b9d22,9.3338,52.3331,51.6667,22.7333,10.1667,5.9709
voa-15a18f51-da36-4a4b-a123-6cf361ab73962,9.6907,50.7025,51.1639,25.5667,11.7333,6.6758
voa-15be4ded-a738-4ed7-963f-6790c9184fac2,7.728,57.8409,59.438,35.5333,10.2556,6.1789
voa-15e0b891-7bbd-4b42-9093-8c2b9ee9547d1,8.8964,39.1183,48.913,32.5,16.25,8.3254
voa-15f2f188-8caa-49f3-a727-3b567d7d4a533,10.4572,50.3171,52.6725,23.3667,11.0571,7.008
voa-16031afb-9b1b-4d62-ac16-87388f71e0a63,10.0299,45.4744,50.0635,27.0,13.0611,9.811
voa-164e6ce4-de02-44b8-abef-cb342222db4e2,9.5452,53.086,52.6068,30.1333,12.1333,7.7018
voa-16966feb-cfe9-4102-99ef-e114b826e22d1,9.2,49.595,48.9583,21.8,10.6667,5.224
voa-16b5a863-2ab4-4886-a7e2-5334926a58001,8.3049,39.354,49.4737,33.5,16.5,8.6401
voa-16f70df0-763d-4661-9055-4399ef681b3d1,7.9859,46.9829,56.0,37.0,15.5,8.7349
voa-17134f42-09d4-4508-8992-fab2516d3ed93,8.6325,49.7733,58.9859,28.6667,12.6,7.0335
voa-171d44fc-27af-4bec-a108-f72de2d345202,10.7245,29.3741,45.0811,23.8333,15.9444,6.5931
voa-175a24e6-4daa-4569-8f43-cfd2324fbc8e1,8.5186,48.165,55.5556,13.8,7.5556,4.0969
voa-17879f81-d369-4f5d-bd51-1a48d82c94221,8.977,48.8901,55.0,30.6,13.4,6.3963
voa-17d58961-befc-4de2-a5f9-730e2746d3933,8.6733,49.9089,57.25,30.3,13.2889,6.8788
voa-17e438db-ef2a-4ba8-95c4-c873018f195f3,7.6488,63.1216,61.1398,25.4,8.7278,6.5428
voa-184182c6-f43b-41b5-8d65-87dc2b70dc761,8.906,47.115,54.0,32.6,14.4,8.1012
voa-1855342b-1145-42ec-b4ba-df905b9fe3af1,7.9626,55.9854,65.0,38.3,12.25,7.9727
voa-18646a49-033a-4c54-8355-eed5459888aa2,10.2618,43.5354,64.2972,41.7667,16.6333,10.0138
voa-1882e80a-02a0-4322-912c-85b7415eee682,8.4434,61.5681,58.82,22.3333,8.5,5.4217
voa-18fbe2b1-3614-45a9-83f7-34ced26f5c351,10.2228,38.5975,51.6129,33.0,16.5,6.997
voa-1925c032-6d5a-4bd4-a6d8-9ef3ad0554d92,9.4282,46.7702,49.9021,27.7667,13.1333,5.5118
voa-19cebd96-c39e-438c-96d3-87c70b1e63331,8.0196,56.1124,58.7629,22.5,9.5,4.5398
voa-19d5d56e-3a07-4727-bf25-de40e91053743,10.0188,35.4342,56.2243,33.9333,17.8333,6.684
voa-1b384fcd-c926-479f-b2f8-8c54acab33323,8.702,46.3263,57.093,33.1,13.8254,10.3982
voa-1b3e8d5d-0f30-4f67-aa24-8221986a0be72,8.0917,61.1052,57.5387,26.1667,9.4857,5.0063
voa-1b4224d9-9813-4cbd-bf79-be63f0d849ca2,7.0503,61.0745,61.8704,22.6667,8.3778,5.7012
voa-1b6ea297-899d-4e7c-a73c-d73c5650f2403,10.525,35.3214,49.484,28.7,16.7889,7.7569
voa-1b7adede-ebbd-4cf4-a8a3-0e1cea9b52732,8.6611,66.8615,60.0741,20.6,6.9067,6.1127
voa-1ba0394c-8171-446e-b489-c34d6b6727053,8.3158,64.7117,60.0891,19.8333,7.3333,5.1428
voa-1bdd1a6f-f8af-487a-ac0b-090f5234e3c61,8.7265,46.9443,61.0,23.5,11.5,9.222
voa-1c0a0df2-a6ef-4c75-a7e6-232840a2cc583,8.1791,56.5684,59.6312,32.5333,11.2333,8.6613
voa-1c2c3f9c-c0ac-4bbd-98c8-0db65d0fb6db1,7.7646,59.9079,55.0,26.3,9.6667,6.512
voa-1c63fe74-7ce2-4085-a74a-0e23a29473f32,8.8846,53.1632,62.6377,43.5667,14.0833,13.6206
voa-1c6e0b85-fed1-47ab-8101-4159588a781b3,9.112,48.9358,56.3011,27.7,12.5111,7.1903
voa-1cd0ce76-3322-4541-8d68-0b2fa2c9bd883,9.5322,41.3903,55.0119,32.6667,16.0,8.0429
voa-1cdc931c-e023-487e-a6d3-681c6006e2ce3,9.67,58.4419,62.3333,31.1667,10.4762,6.8457
voa-1d4de85a-0e42-4166-81bb-93befb1e59662,10.1101,41.9529,47.0195,26.3,13.9667,7.291
voa-1d591681-3732-4c00-aef7-99a59df276271,6.8667,72.7731,55.0,18.9,5.7778,4.3991
voa-1d8864cf-92aa-4327-8765-6f5e8f701a9c1,8.3718,55.1595,55.2083,27.0,10.8,4.4792
voa-1da68087-5993-4c67-b302-f85d57286f823,9.8123,51.2531,55.3333,28.5,11.9944,6.3131
voa-1dcb913c-d6e2-43f5-a07b-486bdd91664c3,8.548,50.2217,54.3333,27.2333,12.4583,10.3595
voa-1dd56e5f-3bb6-45b3-a333-72b18fbca2ab3,10.0551,40.1782,54.6944,34.5333,16.6333,7.7739
voa-1e1e8c01-7379-4670-93de-1f85e767e5272,8.5877,55.0742,57.0743,29.9333,11.7,6.0559
voa-1e9dfdf8-e946-4874-b983-44ea22ab261e1,7.2566,60.853,62.766,27.0,9.4,7.006
voa-1eaee3fe-2a53-4b5d-b90e-c539f17ae4dc1,8.8311,43.2368,55.6701,26.8,13.6,8.8865
voa-1ebd7c81-6e87-48ed-be89-8e2fbcf26ba13,8.734,52.3634,54.1781,21.2333,9.8984,5.087
voa-1ed0ec09-f3ec-490a-9be4-fce8679a3f042,8.9811,61.9762,65.0,24.2,8.7647,4.9039
voa-1eda00e2-9b69-47e7-aba8-f2eaa4c6c7f12,10.4121,36.4438,44.4624,23.1333,13.7083,5.5282
voa-1f10abe5-6582-4f8a-8f00-8e0cf676242e2,8.5294,67.7623,58.0,22.5,7.2308,5.3882
voa-1fb8915a-d428-4595-ac1b-1ea7ccc635b43,8.6602,59.1426,61.7233,23.2667,8.9333,5.3883
voa-1fe3dde1-9ea7-41f5-bad3-f4ade25180d43,10.936,19.4072,48.7838,31.6333,21.3333,7.6088
voa-205c8db8-d83a-4f3b-b7b9-be1822cf4bc73,9.4728,47.5416,55.4478,28.0,12.8833,6.5543
voa-207ad1a1-b062-4ca4-9964-eea08c0aeba22,10.6329,26.7783,47.4176,39.6333,22.0111,6.6942
voa-212e84bd-2735-4798-b29c-fbf6dbb010002,9.2769,56.8388,59.6201,29.4333,11.25,8.3293
voa-21df68b1-d9fc-48f4-924d-0ff6d93a02e22,9.2762,59.8859,59.6259,26.7333,9.8778,7.1238
voa-2210c9a2-a818-45b6-bba6-85f0f9ba5b8a1,9.3096,49.0354,42.6966,24.2,11.6,9.9968
voa-224b1128-bf90-441a-bd23-a4466ca318d43,7.9677,62.8008,67.7353,27.6667,9.3333,5.6957
voa-22828cdd-aca7-4676-947e-9793349358261,8.5703,51.6146,60.4651,20.2,9.5,5.2625
voa-22978ae0-02cb-4529-832c-745c1cf6fc2c2,8.4464,52.135,51.3333,24.6333,11.3417,6.8812
voa-232641dd-f379-4fcd-a94b-d7116cb4dbe51,9.2214,56.6855,59.0,33.2,11.8,7.2182
voa-23b4daf8-2725-432f-865c-f7de02b88f9d3,10.4218,33.25,48.4783,26.6333,16.2667,8.2823
voa-23db8ab0-163e-46b3-98b5-86ad8bb137df2,8.5857,64.1653,53.0,19.4,7.125,4.411
voa-24193371-7c91-47a9-b718-85abc0f8503f1,7.0599,57.4949,60.0,34.5,11.75,11.7866
voa-24579149-323c-4c06-b0cd-fb488cd90fc52,8.6263,47.8688,60.0741,38.9333,15.8667,12.7007
voa-249bbd68-29c4-4070-a381-292d59f515973,10.0878,35.586,47.3735,26.8,15.3333,6.335
voa-24d6feed-2185-48c0-ae6c-6bb0d150d3de2,8.6627,51.9323,52.9683,22.4,10.2778,5.555
voa-2563c0c8-2cd1-443a-9b9d-6bee8f251af93,9.2245,47.19,60.73,30.1333,13.7222,7.3696
voa-260a8eca-2c1e-484e-b2d6-8bc95c72d36f1,9.3581,45.2523,52.0,23.8,11.8333,6.4544
voa-269241aa-3763-4916-96cf-d68c71a1d7311,8.8541,55.0431,60.0,31.7,12.0,7.4316
voa-26a24191-a23e-49ec-a79a-69d8f30fc89c1,9.9361,50.1617,65.9091,42.3,14.6667,12.8083
voa-26bb9d79-2d41-4f21-823d-a024c417bc1c3,9.4351,51.3004,58.6752,38.7667,14.0278,8.6323
voa-26e2dcd0-3465-49e7-b470-89f739a843043,8.423,60.5929,60.9577,24.1,8.9119,4.2855
voa-2711b647-c3af-4029-8705-21b242fde5a61,9.6788,48.611,52.0,28.8,13.2,7.1258
voa-2753932d-a697-42ab-b753-20c5e286e36b1,8.4157,50.61,56.6667,20.8,10.0,4.7548
voa-2864038e-8d69-4478-a736-0303777ebef32,8.511,53.5742,55.3949,26.4,11.2381,7.4499
voa-28e60226-a2c3-4136-a4ed-fb241f83858d2,10.9316,35.3377,45.8008,26.0,15.2111,5.1021
voa-291361e8-8045-4cc8-bc66-dba6f3c2b3191,7.3672,65.4976,60.4651,17.4,6.4286,5.2277
voa-29382720-65b4-4af8-b728-dc594075bfa61,9.4187,36.1894,54.8387,40.7,20.0,18.8104
voa-29a31452-0b29-479e-9152-16b9933deff81,9.3014,51.8108,66.25,38.3,13.6667,8.7785
voa-2a3e42a2-e6dc-4e38-ba5e-31382e2c15431,7.4633,64.7103,57.0,23.3,8.0,5.4655
voa-2a56527e-67d0-48fc-9d9e-44f37cbd4ced3,9.3172,44.2063,58.3485,36.4333,16.6944,6.9696
voa-2aabcc95-c622-4734-a734-d825e73175401,10.429,36.7449,49.4118,39.3,19.0,9.4804
voa-2b13f7c9-8bf8-477d-ad69-46c3f80fdfd22,9.4809,41.7924,44.976,29.5667,15.181,6.0283
voa-2b581f13-125e-4f84-ab6b-027f38ffdcd03,9.9488,40.8949,53.1715,28.7333,15.2833,6.1579
voa-2ba7b067-3262-4a5e-ac96-edbc33fe9d013,7.7558,68.7164,64.8845,23.6333,7.3619,5.1461
voa-2bb6baf2-0817-466f-84ef-9bf3d0443ce73,8.2574,51.7318,58.5131,22.7,10.3333,5.5644
voa-2bd7b858-fe6a-47a4-9bcb-ab842b73e6673,8.5761,53.1596,56.9211,27.9667,12.2619,6.5299
voa-2df58681-c092-4834-8c85-a9d1037099733,9.0545,45.2203,52.3022,22.1667,11.4444,5.6046
voa-2e7e535a-2e09-47ea-93ba-97c2709891762,9.4069,51.4574,56.262,23.2,10.8,5.8913
voa-2ec8a35d-7120-4a9b-afbd-01d9603cd97c1,9.7637,41.775,51.0204,22.7,12.3333,11.2176
voa-2ef4dab0-fc07-4781-aa45-5d5d82d5116e1,9.4202,43.1327,53.0,36.0,16.2,5.9856
voa-2f742f56-b2fd-4078-89da-a497a0d305ff2,10.0203,49.7585,51.0187,21.8333,10.7778,4.8712
voa-2fd93f25-b5db-43ab-bb2b-fefb497e47851,9.4953,43.2718,54.1176,23.6,12.4,6.2134
voa-301175ec-cef4-490e-a883-14589e2fb6842,7.9718,57.2782,58.9074,34.3,11.5889,7.247
voa-30b8b8f3-afc3-4df3-a1da-94e7059464141,8.3498,60.181,56.0,22.0,8.7143,6.4606
voa-310bdc78-24b0-4717-b2e1-d6174c23d5aa3,8.2192,59.8193,55.1008,21.5333,8.7672,5.0878
voa-3164ebe4-e211-4304-a3c8-b2ddea08fb882,9.1936,45.618,52.4961,25.2,12.4556,6.3241
voa-31d90878-eb47-4f90-a338-eb3c717fb9791,8.7287,50.4364,54.321,21.4,10.6,5.8141
voa-31eceaa3-4951-48de-801b-5c67fae520ef1,9.0679,71.7679,60.0,19.4,6.0,3.9407
voa-320e9280-fcb5-4c46-9c68-a6fc4137438b1,9.9196,33.538,60.6061,73.5,22.5,20.1353
voa-32612835-5d65-48d0-a83a-13c50beb95b82,9.7353,37.6548,51.3137,31.6,16.6,8.8043
voa-326efa3f-6eb4-44ea-88e0-c36a148ca2613,9.2389,46.3498,53.8462,31.3,14.2167,6.3572
voa-328566b5-b92d-4e09-9e79-9e3d45afd3172,9.3965,50.0185,52.1501,19.8333,9.9048,4.85
voa-32ce4d57-2782-4e44-a377-5968dee0413c1,8.8595,50.637,57.0,28.6,12.2,6.5168
voa-32d9d761-5d97-4326-859a-af6c9f53313c2,9.1207,53.8728,47.3401,19.5,9.0952,6.1562
voa-338ea1af-195c-4299-8683-c84726a27c243,9.0468,60.5539,58.9884,23.1333,9.125,5.387
voa-339094a6-0b61-4481-81c5-35ad0aa0b17f1,8.8655,59.3525,52.0,24.5,9.3333,5.0948
voa-33d46c56-cc5c-4db5-ae9d-37932aac3a391,9.3775,46.5343,50.0,27.8,13.5,9.3249
voa-33ff4d29-8896-4db5-8350-0a0f5c25d6393,6.8336,74.0295,70.1681,23.4,6.1071,6.2568
voa-34189531-e603-4919-8aaf-58b479df21a92,9.7982,55.2656,56.5308,17.6,8.25,4.8911
voa-34402211-0341-4e93-abe6-2789cba221ff1,7.9364,64.0247,60.0,22.0,7.7143,4.0145
voa-34569e48-5d88-4c53-8dab-a46e895856721,8.5771,66.0905,63.1579,22.3,7.5,4.4188
voa-3471f420-289e-4f26-a6c2-7364792207fd1,7.3544,68.046,63.0,19.3,6.5,8.4507
voa-34ae8502-5302-48e1-ba52-4a5622335f231,8.698,48.8598,57.0,36.5,14.5,9.7636
voa-351080bd-4dcb-4055-819c-8c44cf07f1553,8.1638,58.9461,51.9362,19.3667,8.1587,5.0427
voa-351d2b6d-d1c0-4be5-a6c8-17461d462b531,9.0423,53.9821,51.0,19.3,9.1429,4.8424
voa-35375458-065f-4323-8f7d-72ffa36eadf41,8.5345,70.0038,55.0,20.9,6.625,4.8696
voa-3580d6ff-968a-4481-9da3-f691731cf32b2,9.7503,43.3481,59.1993,32.6333,15.1111,10.3151
voa-3596e4b4-f237-48ad-ac36-e959d611dcba1,8.9224,64.7559,53.2609,18.7,6.8571,4.9223
voa-35c9fd1a-bd31-480e-b68b-bbb1c1cdf4c12,9.2892,53.4415,54.0,24.8,10.9231,5.3851
voa-35d9bb5e-1eb7-4134-9a58-e76a589febeb2,10.0425,47.9994,52.5031,22.8667,11.6667,6.463
voa-3696b945-a315-4753-b8fa-25ea44e16f521,7.7865,63.865,61.0,27.2,9.0,5.4705
voa-37296754-3292-4a1a-b293-6f0be869769f3,8.9047,46.9943,60.9262,42.5,15.75,8.3192
voa-374f03dd-ec43-4a96-9bf3-cb5087965a9a3,8.1687,57.6382,62.8182,28.9333,10.75,6.5483
voa-37630778-8aed-4b5d-a262-7e0e1702ee752,7.9645,58.5353,62.6349,29.3333,10.3333,7.2676
voa-376eb1d9-772a-4421-b938-9fe619d2dd301,7.7197,56.645,57.2917,22.0,9.3333,4.4637
voa-37cb3a98-1e8d-4217-a365-700c14cfebd12,9.0677,56.607,59.7859,30.3,11.3667,7.7688
voa-3848c644-59e3-4a9e-977d-77a80108b0bb1,8.7714,55.7113,59.0,35.5,12.25,5.6416
voa-38d420ba-bb95-4bca-9d1a-8216b9c95a933,8.9244,51.072,60.0449,28.7,12.5833,6.9051
voa-3916c3b9-07cf-46a7-913c-9b5a8cb210cd3,9.3277,47.5334,54.8075,24.7,11.9833,6.7286
voa-39c900ea-c07f-44aa-9c38-434893b5a8b42,8.9285,55.6731,59.617,24.2,10.0,5.0109
voa-3a12bda3-325b-4c51-b6eb-96f3fcc85dbf3,9.8308,32.4769,50.6667,38.1,20.7222,9.5369
voa-3a3e3bec-83d5-4f41-84a5-414b4bf254052,9.2378,59.5313,58.1905,31.5333,10.75,8.8798
voa-3a92239a-3a6c-4e4d-9f27-1e1589f6d9473,8.9071,63.0498,60.914,23.7333,8.1111,7.5234
voa-3a9df66f-98fe-4933-88a4-96dad679fb7c3,8.5933,59.8882,59.545,24.9,9.2944,6.0036
voa-3ac47ead-dba7-440a-88af-89494810a8c33,10.0715,45.3561,55.5173,28.0333,14.0357,5.4531
voa-3b6c3615-37c5-48d9-8a6a-88097b90fb772,8.4377,58.232,61.2636,30.3333,10.8333,7.1785
voa-3bd1b65c-aac9-4642-b9ad-dede30091bf13,9.8035,48.2687,56.3222,24.4333,11.6667,5.0888
voa-3bdb88d9-98ae-44c3-ba05-c6ab38d7f4813,9.9987,39.1894,50.6352,32.1333,15.8333,6.9187
voa-3c1995d2-def1-4693-83b9-0c303e70ef2a3,10.2544,29.9693,46.5321,36.8667,22.0,9.2995
voa-3c4fd78a-adcb-47f4-8cce-a652149b489e3,9.9115,50.9613,62.0773,32.1,13.1111,9.5501
voa-3d304d0d-b632-4c8e-b7fa-120a6af03fa01,9.4868,38.1005,46.9388,19.7,11.5714,4.6563
voa-3d3188b0-1ea6-4c13-b9a8-897a65c68eb91,7.2827,70.7114,62.0,23.3,6.8571,6.7975
voa-3ddeec3b-5e32-4ede-ac52-14e485b8f8f41,8.8844,52.0203,50.0,23.2,10.5,4.1588
voa-3e758059-1acb-4494-9cfe-991988e828be1,8.0143,59.5555,54.0,25.8,9.5,5.3393
voa-3eac936f-d360-4ad3-8543-df0c02e07cf73,7.575,54.5088,59.5071,31.3667,12.7238,7.2508
voa-3f7959c6-a4fb-413e-98f9-1cb47c0799121,8.8653,41.9408,47.9167,26.6,13.8,6.1004
voa-3f7c5014-14ab-4a69-bfe2-12e9f566442e3,9.4397,54.0084,56.6016,23.8,10.4048,5.8854
voa-402dfa62-2246-40e2-bc61-618a1557e1b62,9.7191,38.4124,48.0947,32.6,16.4611,5.8028
voa-403180c7-2fb3-4a60-8812-a34d61d73c782,8.5802,54.0884,55.8812,27.8,11.3111,5.9261
voa-40bb27ee-3c77-4fb7-9720-7272d3e3b5021,8.3689,57.9669,54.0,26.5,10.0,7.4236
voa-418c9b02-e0a7-4c09-9cd0-b3107bc6cc261,8.6053,37.7044,47.619,24.2,13.4,7.434
voa-41c23879-3cc4-4137-a0ab-db6f67ecea272,7.7353,59.4634,58.0,27.4333,10.0417,5.8189
voa-421a3498-00c5-4be7-b845-fd1c3f1497563,9.6784,44.1825,53.9841,29.2667,14.1944,6.7918
voa-421e1afb-63d2-412b-bd3b-db0e357f87f32,9.3661,47.9697,53.3417,22.7333,11.419,5.5066
voa-4241136d-2149-4b0f-8660-49961c8a075e3,9.1523,58.9159,50.3256,22.7,9.1111,5.7279
voa-4244c9fd-2ad7-40c0-a789-11e3f9404eb31,9.6175,52.1011,58.0,23.8,10.8333,5.9038
voa-4244de3f-fbbc-47b4-834f-2b2158c7cb063,9.1811,52.5531,56.2695,28.3667,12.3056,7.6206
voa-427c3343-16db-4c6e-8a17-d992d7f3dddc1,10.1967,43.332,52.809,24.4,12.8,5.5592
voa-42b54578-a6ed-4b91-ab16-8c17ad8498863,10.0451,39.7348,56.1944,40.3,18.8889,9.6444
voa-42c3f9cc-811f-4fa0-89b5-7e2d6c1e46591,9.3096,50.9365,57.3034,24.0,11.2,9.9968
voa-433ec9a3-ffcf-4789-8e6d-f0ece19d63513,9.111,40.9547,52.3333,26.2667,13.9556,5.8402
voa-43d6a6a1-1d67-42b2-b3d3-eed5f5e9eb172,8.5255,56.3923,57.9709,24.8,9.9667,6.594
voa-43f5c64c-b20e-4957-b316-09de79be371f1,8.5266,58.4901,55.0,19.6,8.7143,7.0157
voa-43f604a8-f332-4692-bd74-4da8881e88ea1,8.2528,64.7103,64.0,23.5,8.0,3.632
voa-441937e4-49aa-4f3c-9123-13107cc9a0743,9.5716,48.7754,54.9923,22.5667,11.1704,5.1252
voa-4433b82f-225a-4e1a-8b8b-e86974d08eb81,8.6683,62.4244,57.732,28.2,9.2,6.1775
voa-444b1442-6da9-4779-a851-cb72e88d72f72,8.7799,56.4426,57.2426,30.2333,10.3452,6.9648
voa-444d6f2f-96f4-477e-a28d-37d8c1cf3e361,9.1216,43.0119,51.0,42.5,17.5,9.9129
voa-445efbb2-7ea7-40fa-aa55-8edd16b6ce863,8.6366,49.7598,57.4351,27.2,12.4762,5.2778
voa-44634dc6-c222-41e8-aa65-dae9563dcfec3,9.7917,49.9836,56.9946,23.4333,10.8056,5.4681
voa-44ac1e7e-a096-437e-9dd3-9300af70a7212,8.4882,46.7511,54.1039,36.0,14.5944,7.2659
voa-44c10cd7-1222-4cf0-a48a-3308a9742bf23,9.313,49.163,57.0779,29.0,13.1667,8.5424
voa-455d8a64-9dd5-4cd6-8cc0-b9ffc7ec69f83,8.6479,54.6407,61.8369,31.4667,11.5238,8.7636
voa-457b11a2-ba5b-4629-aebc-7c6dd9f2f7e22,9.7354,57.2271,51.9761,22.5333,9.2762,6.1113
voa-45a6b9e2-27e9-42b5-83b6-0944d7d325b52,9.7352,46.0526,51.8636,31.4667,14.9167,7.5251
voa-45e56790-ea9f-4f9d-a6ac-1fc091d9913c2,8.3362,52.3705,52.7309,19.4667,9.254,5.7327
voa-45ed1200-9be6-4c45-9146-fa5d0c68d6571,8.614,59.981,64.0,42.8,11.25,10.9831
voa-45ef9bb3-1a1f-4457-b733-b7358cdc728e2,9.5452,47.7634,50.7454,29.1333,13.2,7.3905
voa-45fb5064-de2d-4af3-8c66-9ef7323d713b2,9.4057,44.3452,50.3461,22.5333,11.6762,5.2605
voa-46ba71ae-2fb6-468a-b414-dcde57baabf02,8.1522,59.9397,60.8996,28.2,9.9524,9.1798
voa-46cb5321-3b59-427a-8b75-fc7291e21b8d3,9.5982,50.684,50.9908,25.3,11.4683,5.9767
voa-46daf01d-0a6e-4416-b900-3d2b19850b8a3,8.5491,53.9752,54.6394,25.1667,10.9333,5.5175
voa-47210464-e42f-430f-bdd1-243f3128698d1,9.6854,47.2981,53.0612,34.8,14.5,9.017
voa-4754edc9-63a8-4c1f-ab59-3933dd2cfcc22,8.4274,59.0717,62.2744,27.6,9.8389,7.0155
voa-47ce12ac-0dcc-4ba4-8b99-a9271ff7bb303,8.7398,50.5227,50.6636,29.5,13.0667,7.1604
voa-47ddc840-c549-48d4-b429-556c3a6178183,9.0215,55.1035,60.354,23.9333,10.2778,5.1658
voa-4829b452-eadb-4696-8cee-378949e0c0042,9.0886,49.626,60.0,26.2,12.3077,6.7066
voa-483c2e04-e6bf-458a-a417-d8c5fb7af39a2,10.3177,47.3638,50.4369,22.6,11.2127,5.3823
voa-48956037-ae72-4d48-af93-39a9c95646751,7.8873,64.9645,65.8228,17.3,6.8333,3.3361
voa-48957776-abd6-4164-872f-a1e3972e5c8b1,8.2233,63.9355,57.0,18.3,6.8889,4.529
voa-4898f08b-1b09-4b78-aee7-88de86fb90442,10.8457,40.6155,48.3165,23.7,13.1167,5.9121
voa-48b4ce85-7276-4f98-bfb9-80bb8794433d3,8.9134,62.437,60.671,26.9,9.1444,5.529
voa-48c78729-3ef6-4bee-9b15-cea182bf59872,9.0658,55.8229,58.7932,28.5,10.85,7.0151
voa-49256943-256b-432d-a042-8836ff2c1ac12,7.8389,68.1532,62.592,25.4667,8.0667,7.0735
voa-497f2ee5-bce7-4348-b333-22bd78d977df2,10.1365,38.9773,46.0168,28.0,14.55,6.6768
voa-49f247c3-1050-458a-a788-e57cb46da5072,10.4013,42.9304,56.5007,34.8333,16.1389,7.1742
voa-4a6b4931-5736-42f8-af23-3512f00d034a1,8.8311,45.8533,56.701,27.0,13.0,7.3414
voa-4a723504-f4ef-44ac-beee-32a2088b90a22,10.4543,41.5966,53.0415,26.8,14.0167,5.1148
voa-4b33e247-5118-4569-92c7-634f9ec28db01,8.1728,51.4523,62.0,31.4,12.6,7.2449
voa-4b78dbd0-e620-40b8-aca5-b55dc09c58771,8.8158,46.6892,57.9545,24.2,12.0,6.4836
voa-4baec9e1-8ca4-489d-b477-ab47852e0d522,9.0419,39.1971,58.3333,43.5333,18.9444,10.5756
voa-4c1c0601-eb54-452b-a4a1-46145b30633a1,9.3153,48.5915,59.0909,18.6,9.4,6.9268
voa-4c52ca09-8515-4e92-805b-b006301d71fb3,8.9274,52.0559,59.5748,36.0667,13.1111,8.5594
voa-4c64e75f-1c06-4d01-82fc-8685f01be7562,10.816,32.5535,48.6667,44.3,21.4,12.8531
voa-4c83d801-5387-4ca3-ac61-6e482ad2f5e41,8.3949,57.7278,58.0,26.0,10.0,7.341
voa-4cd300aa-c366-481b-9408-1d7fbde3f8a41,8.9735,44.227,53.7634,26.4,13.0,4.9898
voa-4cdc93a0-c4b8-418c-b37c-143ddd4025652,9.3122,55.7686,55.3484,24.8667,10.4444,6.0199
voa-4ce5d530-5232-4f25-b6e4-7b76485fb0ad3,8.7384,51.967,55.3696,20.5,9.9944,5.1282
voa-4e2acb94-f336-46ae-a187-bdf5765ac02c3,7.5125,65.2668,74.8132,21.1333,7.4167,5.9768
voa-4e2fcaec-1148-448d-8217-36773d1e56d53,7.9764,65.2879,63.8246,27.3333,8.5048,6.2659
voa-4e5ab640-f996-43e0-9138-e170a902b4883,8.8929,56.3048,53.7917,21.8667,9.5873,4.6693
voa-4e649014-e259-4542-be8f-2b994293b0853,8.0862,62.3288,56.0884,26.3667,8.9333,6.1034
voa-4ec7f3d0-695a-41bc-b391-5ccb71b1a7281,8.8918,46.099,56.0,28.8,13.2,5.5053
voa-4f161b60-c809-4630-87b2-1fe3dcbe15282,9.012,56.6028,66.5781,26.1333,10.2937,7.0857
voa-4f1f0402-8ccb-446b-9f0c-c2106f3a53ec3,9.1223,39.8712,54.9503,32.5,16.1722,7.5209
voa-4fbaefe5-b4cd-44a9-bb10-60a38e3435cd3,8.3831,56.9864,55.1389,23.4,9.3365,4.511
voa-4fc831eb-110d-4098-822b-ae84906162962,9.7219,51.5643,51.116,24.1333,11.1571,5.7846
voa-4feea221-4996-4910-994e-9c7d57b6dd7c1,13.9997,-36.5268,50.5263,137.0,70.0,19.3008
voa-503cc6a4-83d2-4b86-a9aa-ef1ed6d9505b3,7.7317,64.2385,61.1708,18.5333,7.0496,4.0762
voa-504ace6e-ce54-4b1d-b590-517b0508cd482,9.7173,46.6839,51.8565,22.6333,11.4111,5.3679
voa-511597b8-be35-4621-abf2-f9a9025e8c0b2,9.7926,44.2079,49.0,24.9,12.7143,8.0205
voa-51541393-b8c0-42c9-900f-5e91e3c1daf01,10.1212,55.6603,53.4884,16.6,7.8571,6.342
voa-5179050a-d97c-4e88-84ea-b97e7557d9b62,7.4715,69.5926,68.78,25.7333,7.4583,4.6105
voa-51abff72-36de-42f4-9d8f-4be99bbf9b553,7.9153,55.0661,63.8753,27.2333,10.0119,6.9531
voa-51ba9920-8aed-4dc3-8fd6-df411fd327871,9.0717,33.081,49.4845,34.3,18.5,11.0496
voa-51eb594c-7d24-4557-98c0-b8b2d2b98e4d2,8.3332,58.7006,55.7924,21.2667,8.425,5.2678
voa-52829927-9600-456e-bd64-791e7ec32e131,8.8554,68.5947,59.7701,24.4,7.4,9.7155
voa-52b8ec86-7ac3-460e-95f1-c87bb025a0d22,10.0078,49.2264,48.1892,21.1667,10.5,5.1692
voa-53020fdd-b834-4e05-9777-9856a8b07b933,9.2418,49.0109,54.2899,28.2,12.6833,6.2859
voa-534f053a-663f-4f46-b897-bfdb6a2e2c271,9.3587,46.347,50.0,26.0,12.8,7.2576
voa-53a7790c-ef4b-42a2-a073-1821e643658c3,7.3852,65.444,65.1647,29.7667,8.4889,7.7979
voa-53c2a8aa-d864-43f3-b90d-2d99d3f9f4362,9.2854,63.2157,53.0,23.0,8.1875,4.804
voa-53d0e214-467b-4b73-821c-948c589461652,8.8595,43.594,51.8168,29.0333,14.1,6.7437
voa-5402ae75-3340-4e38-adf5-ed26f1c06ca13,9.6119,49.6687,58.9965,28.7,12.8,7.0305
voa-5418cd49-b471-4d12-b46d-c54f1e0a64d01,8.4639,44.9942,56.0,30.4,13.8,9.6532
voa-54bbc5e9-88f9-47d3-aa7f-fe9a989a24493,6.8756,72.1372,71.5121,23.7333,6.5937,6.2656
voa-54df53da-0e46-4773-8a40-e17f5e7c7f522,10.8432,39.4818,53.5354,32.0,16.8611,8.3334
voa-555af190-5ecf-4fdd-96da-44257175f6db3,10.5702,32.2524,52.8418,37.8667,20.1333,8.1737
voa-5566ae03-71ef-4383-ba25-52e44c85ee4a1,10.7289,52.8377,56.1798,24.6,10.8,6.6392
voa-5582d25a-8161-438c-b657-e96e209536e81,8.4842,55.8676,56.0,31.2,11.4,10.2098
voa-55b1a3a5-cca3-4e49-9ff0-a26a2a3b54be3,9.8619,48.3309,58.6237,37.6667,15.3333,6.8296
voa-5660885f-5dc8-4fda-885f-db368444ce411,9.3999,54.9809,52.8736,25.4,10.2,4.5591
voa-5698cd20-40df-4fd1-9fcf-0be9b75d4fe21,7.6052,61.3333,58.5106,22.2,8.3333,7.0219
voa-57827146-b14e-45f0-822a-f362a4d3e26f2,9.7395,51.4525,58.1149,22.7667,10.5667,4.6064
voa-579bfb90-c31f-473c-baac-5f94b1c98df21,9.5055,36.2825,45.7447,31.0,17.25,7.0696
voa-58020b8a-9113-4218-9dd7-3f15377a3ba91,8.5046,70.1447,59.0,23.7,7.0,6.5942
voa-581d95d3-d87f-4c97-ac01-04ab43364f4b1,9.7806,42.6863,51.087,17.9,10.2857,4.2656
voa-5830ecf9-dbce-4bc1-9647-084befb3ae302,10.1603,44.2574,55.4841,31.9,15.5,7.9755
voa-58758fdd-afbc-4a6a-a171-26a5b59e2ab21,9.3291,49.1928,48.3871,22.5,10.5,5.0058
voa-588df77e-7de2-4084-810c-938d77f70db82,10.1445,49.9236,54.295,20.7333,10.3306,5.5156
voa-5970eb20-299a-4c33-bb0c-0af71e72edac2,10.5694,41.8802,42.1762,26.9333,14.0444,7.1607
voa-599db16a-d9ee-4bc0-a8e5-a9030bca213e2,8.4309,40.0628,52.1226,31.7333,16.3714,7.4803
voa-59b11091-8b2a-4a4b-8741-c623c029a11a2,7.7878,61.1018,60.3592,24.4667,8.6905,6.4618
voa-59c98e7a-ed84-4445-b748-cf4a3e9f04611,8.1233,52.5057,55.5556,23.0,10.3333,7.5098
voa-59ed2ed9-3059-4109-98b9-167f0153b8623,6.4035,71.8715,66.7235,23.2,6.5286,6.8314
voa-5a8ba78c-11aa-4a4d-843c-2c770536f4e93,8.5063,54.0443,54.309,28.9,11.619,8.1678
voa-5aa6568e-3c57-4587-9cba-a051eb59ab972,8.4209,49.4345,50.3816,25.5,11.5278,7.0216
voa-5b0ae413-5135-4000-8d62-971485fd7a392,9.2465,57.1739,58.0303,19.6,8.2639,6.0545
voa-5b5f5183-cdae-4e65-bda9-bda1084b16952,9.392,48.9416,53.0,32.4,13.5,7.2153
voa-5b9a5fc9-5cca-4e7d-9a2b-f60bb0a5fc333,8.391,51.8494,53.4927,20.8,10.1667,5.0322
voa-5c13460a-a58a-4998-a135-0b01dfcbf4af3,8.5624,52.2801,58.2469,30.9,12.8833,13.1561
voa-5c188f21-4e66-43aa-8fe0-2145e96ba9ba3,8.1407,61.0088,57.3333,25.6,9.5778,6.9835
voa-5c3c83ea-a85e-4236-a411-e0cfc9d366ce1,10.0392,49.6471,56.9767,19.0,9.8333,3.8704
voa-5c6a8227-182c-49e0-aa17-d9e9f5644b811,9.2484,46.2953,49.0,25.7,12.5,6.3366
voa-5dc30131-a34c-492f-8ab7-ef13163b5dc72,10.1006,31.606,48.9572,34.2333,19.3167,7.9974
voa-5dd85fcd-a459-4345-9722-f9876c31ad693,10.5488,30.5615,52.5331,39.2667,21.3333,11.9771
voa-5e4ae90e-bb90-413a-9130-c718a60342603,8.8204,47.9587,54.2807,24.6333,11.9333,5.6129
voa-5e69979d-a08e-44ee-8c2b-d353532532063,8.413,61.1823,56.6455,27.2,9.6611,7.8696
voa-5e7e01d1-3869-49e1-8680-0b36bf2f45071,10.8804,33.8333,51.25,36.7,19.3333,8.8283
voa-5e8a70ac-21dc-43c1-8f2d-3120310f30b43,9.9573,44.2565,59.567,43.1333,16.9333,10.7286
voa-5ef276b2-c2d9-4dfe-8bea-4429f2d727471,8.7684,50.5969,50.0,18.3,9.375,5.4369
voa-5f0f7441-4b69-4eca-b57e-5e77066df37f3,10.0547,33.5252,51.6028,27.4333,16.8444,6.8622
voa-5f780b4f-110c-4a51-965b-2830cb03c5052,8.905,45.1584,51.6369,25.9,12.5556,5.45
voa-5f9aa45d-106e-4f2a-b766-a0cc9faa578a2,8.7841,54.7439,56.7322,30.8667,11.8889,7.0186
voa-5fdc3b82-4d1c-45ae-ad9b-32d9ede4d9ea2,9.1107,51.7687,54.4454,27.2667,11.6667,6.4107
voa-6038873c-91be-44f9-bc5c-e42ccf1bbff53,9.0703,47.6465,54.2477,24.0333,11.75,5.4479
voa-60779fd8-59ec-47b8-96d7-8e0e8faabfa93,9.7461,46.4576,55.5645,28.2667,13.1389,6.201
voa-60916db3-d7c4-4b98-a638-fe0095c30b293,9.8582,49.7383,58.8427,25.7333,11.8056,5.2644
voa-61a3f99f-6b57-4c55-bfba-67de9a75bbb03,10.1016,45.0359,54.0606,29.1,14.3056,6.5308
voa-61b22176-8670-4660-aeda-8a806fbb31952,9.4456,51.6024,48.9713,25.1667,11.3611,5.635
voa-61b3a03f-5658-4d11-b854-ecd238e11fee2,10.1886,43.9323,51.8156,26.2333,13.5556,6.074
voa-62275ccc-090b-40e9-a7d9-8aa94ade437d3,8.8706,55.2974,60.6316,28.4,11.4333,5.8594
voa-62a6bf5a-b993-4b98-baae-1dc7ca48b1632,9.0131,57.0206,56.4513,31.7667,11.25,6.2475
voa-62ae08b8-ba78-4b66-bd09-9402d2ac723f1,10.0902,36.1875,52.0833,33.3,17.5,8.8075
voa-62c7e3ae-0823-45b6-8f6e-6deed5b127752,9.5475,50.4991,50.0,25.0667,11.9643,7.1651
voa-63742b3b-1a1d-4526-bdc4-255f95eabe2b2,9.2492,44.0593,55.7499,36.9333,15.75,8.5479
voa-63d594b1-5257-4a26-9021-2092450ee3323,9.246,46.2601,53.5062,31.9333,15.3333,9.1993
voa-640f4c10-0737-4033-8ed4-4cdcc1cdff343,9.8199,57.5405,61.3065,25.8,10.0833,5.9704
voa-641c8672-c9f9-40c4-aaf3-a03eee189a4d1,9.2183,51.625,53.5714,20.2,9.3333,5.1162
voa-649f8d79-329b-42e6-be31-d81eab819bd82,10.899,41.8848,46.2479,30.7,15.6889,7.7617
voa-64b7c7bd-6a15-408b-ac54-e014487bf9643,6.6155,81.324,73.1821,21.6333,4.5429,4.2725
voa-64c1b7bf-3e3f-4085-8d72-7455461a68c72,9.0953,58.3772,58.8889,32.5,11.25,9.6821
voa-64f44461-1b87-4823-a6e9-f81b619ad46a3,9.6238,37.255,50.4612,24.6,14.2222,5.8595
voa-650d078f-ccb4-48fa-995f-01764a6f17281,7.6316,58.4839,55.0,36.4,11.4,8.6442
voa-6535ea85-3e62-47d7-b784-a300b204c1303,8.8452,54.1804,56.8796,26.4333,10.7222,5.4693
voa-65940fac-3c6a-4900-9299-5a51a29663492,9.947,45.7684,51.9448,24.1,12.5333,6.9688
voa-65df56ef-972b-44ea-9018-2e12cfcd8afa2,8.6296,53.9081,59.8694,32.4667,13.2778,6.4869
voa-65eed090-8a9e-4011-aed5-8f0a0fd6d7ec1,8.5201,57.0923,59.1837,19.0,8.4286,5.3543
voa-663a0623-a091-405a-a001-804f282eb12e1,8.2645,51.853,59.5745,26.6,11.4,7.0378
voa-6666263a-cd43-45c4-af03-13e8e0f66be43,8.7283,61.0281,65.4956,19.8333,8.1556,5.782
voa-66e495c9-2053-4368-86be-1faad8be36a72,9.7583,51.9848,46.2361,25.4,10.8889,5.7062
voa-6708874d-f244-4448-8a4a-87efd6701cf02,7.1596,69.0292,58.3376,19.5667,6.3333,3.9589
voa-67932288-4ebf-48a3-a59f-6662be75d6e12,11.2827,27.7384,45.8246,29.0667,18.4333,6.782
voa-67e40d51-9c92-4faf-830e-654e4444b1222,9.0571,52.4828,53.9259,24.8667,10.8333,7.0405
voa-67e64364-7673-4d3f-bf75-4054327111712,8.4725,46.8463,52.0584,23.3667,11.4476,6.2708
voa-6937d3ac-afad-4e34-bef3-59aa81502a6d2,9.5546,35.5791,48.3089,29.8667,16.5,8.9664
voa-698edfff-cf87-40d8-a94d-e6e4dee5ae571,7.5996,59.315,63.8889,24.0,9.5,6.0624
voa-69d751e7-be6d-440b-990d-17aa5037bedd1,8.7973,55.0284,58.9474,18.7,8.5714,5.1407
voa-69fb837c-b9de-4389-95d7-a4f6fdab70901,9.5026,38.7897,53.0,47.7,19.6667,6.5991
voa-6a893c38-8c28-4969-a326-4d24d9b856792,9.3721,45.4057,50.8152,25.9667,12.7278,6.2758
voa-6ac43527-8a7f-47ff-986f-b55ad68fa1583,8.3277,48.3014,41.6267,23.8667,11.5611,6.0399
voa-6ad6fce0-1746-41a8-875e-ff2dcdcf119b1,8.5932,58.965,58.3333,18.1,8.0,4.4896
voa-6aef736d-e185-4fde-8819-f674b10c70891,7.801,70.1154,63.4409,22.3,6.6667,4.9576
voa-6b29c974-fcb5-4b1b-8528-560352a5d09b2,9.1494,38.6068,44.0,37.8,18.0,7.1562
voa-6ba33a62-ec09-496c-9a2e-534d12421e443,8.1457,59.4224,59.1817,28.4333,10.25,6.854
voa-6bb622dc-b6a8-4059-81ce-1814e5896c132,7.9197,57.9906,60.5139,28.0,9.6481,6.6157
voa-6cba94ff-ee8d-48cb-967f-2154c756cf671,9.0957,58.2762,57.0,25.7,9.6667,7.0297
voa-6cbc01af-482c-4f74-9d24-b1c4a67f5da43,9.2045,43.6958,59.015,37.6,16.5833,9.7855
voa-6cbe5dc7-6cfc-4531-9de4-32ac27179a392,10.3364,44.598,53.2247,25.4667,13.5333,6.2382
voa-6cc0d7e7-90d4-41d8-a7b1-e8e3b5c734e23,9.7566,33.8169,54.037,36.0,18.6111,8.8293
voa-6d6e63ca-1976-4097-a635-9e0a86c420ce1,8.1209,54.1047,52.0,25.0,10.7143,8.7544
voa-6d745339-3f91-423f-9b01-c5e3853c4b9f1,9.3399,49.1949,53.9326,20.2,10.1667,3.507
voa-6d85aada-35b5-48e0-936c-e55db8e6430f1,8.6594,60.1918,61.0,24.2,9.0,9.4424
voa-6de3c10a-d409-4750-8770-63f65c4d99371,9.6346,36.6824,49.4737,34.3,17.25,8.6821
voa-6dffc231-cb3e-4662-afd5-f1208cbffed83,6.2501,69.0835,64.0,26.6333,8.6429,4.4392
voa-6e05113d-8df7-4df9-a56e-7c52429ff2e81,9.4895,33.5975,44.4444,31.0,17.5,8.1219
voa-6e17d011-a524-4069-b933-a37396aa6e511,8.2136,63.545,56.6667,26.2,8.6,4.7437
voa-6e3195cc-3af2-4307-97cb-73d32ac5e1c41,8.5201,49.323,61.2245,18.4,9.7143,6.2649
voa-6e33ac44-1cb4-414f-ba6e-d97560f9964a2,9.6228,40.69,50.8784,28.8333,15.3889,6.0742
voa-6e95c6ac-25d6-4073-8981-6287b192c0983,8.3926,58.7847,64.0258,25.8,9.6667,4.9722
voa-6f4fd539-c1db-4bdd-8234-b08ac20043a72,9.205,47.1823,55.0495,30.4333,13.7111,6.4793
voa-6f5915d3-6099-4749-873e-5e91c764b4701,7.6009,68.3445,63.0,21.0,6.75,4.5624
voa-6f6aac9c-079d-4c0b-a612-f50a0ee341752,8.0964,59.8775,55.4073,20.1333,8.2063,6.1966
voa-6fab8f64-5144-4bc6-8ba0-9a1733f75bf42,8.2016,52.5286,52.5086,21.7333,10.2167,5.5138
voa-703a0ee7-a261-40c7-8cf2-626a9eb37fee2,8.7849,52.1957,50.5192,23.4,10.6429,4.459
voa-704fd4c5-0a91-4c8d-aca7-390b4104ad733,9.0972,46.8469,52.9609,27.4,13.2667,6.2162
voa-709edfa7-5176-45bc-b84b-61ab8124e3ef2,9.2731,59.2255,57.8485,24.4333,9.4167,5.0881
voa-70fd3fb9-deed-4733-a907-3490c7958b591,10.2762,39.1931,55.0,36.8,18.0,12.9553
voa-718eb504-baf2-4397-af1f-89c1242254ab3,9.9903,48.2472,54.2808,23.9,11.7444,7.2313
voa-71b553de-62c1-4e7e-8692-b2720ddda8ca2,9.0999,53.6621,57.1835,34.5333,12.75,8.1414
voa-71bcc9a0-3074-4137-82fc-eac9ecf3702c1,9.081,46.5878,49.0,36.0,15.0,7.8176
voa-720dc14a-0b1a-44d5-a55e-4129bef52b713,8.955,53.2475,55.5072,21.4333,9.7778,5.8758
voa-72231349-e36a-4c7a-88ad-5111b2c0d0ed1,11.0364,16.8181,51.6129,62.0,32.0,13.6524
voa-72358616-aac6-47ce-96ce-31831a3841cd2,9.7083,41.2581,46.5182,26.1667,14.1444,5.5658
voa-72dab075-ed02-45aa-b9c5-8ab0580972863,8.5569,49.8562,53.43,24.4333,11.4667,6.2416
voa-739ae33c-bfd3-4c50-9faf-e09eb2166f2b3,10.052,43.6392,53.6064,33.7,15.2381,6.6104
voa-7461837a-4b88-4b68-8fb8-62f63925e5643,9.7945,49.3348,53.798,29.2,13.0444,8.4881
voa-74851902-001b-4cc1-bf8e-99b31ed3e9562,9.0382,62.6988,56.5933,18.8333,7.3333,4.7346
voa-748d5cba-b1e6-4d71-bd4a-c103b97adbfe2,8.1146,59.9202,60.0,21.9,8.625,4.5363
voa-74945407-69b9-499e-bb3d-e5d7447cee651,10.2929,46.4435,52.0,19.9,10.4286,5.6326
voa-74add06c-3cdd-4e79-922c-f3e6b158cd353,8.7576,54.8151,58.2658,24.2,10.9306,4.7652
voa-74df463d-027a-438c-9cf0-001ea4a70cff3,9.9992,35.6045,49.3333,23.6333,14.4683,7.7201
voa-76eca76b-d243-46b0-b65a-344bd5f293fe2,9.6323,38.0282,54.5107,30.7667,16.25,7.5128
voa-771631e1-8089-40c5-9559-618731aa64b02,8.6645,54.7875,50.6026,21.2667,9.4873,7.3908
voa-7749e14e-e0f1-456e-976a-8437b948c79b2,9.4817,56.8725,54.8184,22.7,9.6651,6.874
voa-77b32f99-6399-47d9-9a46-a6f009434e433,7.1026,71.6086,72.3407,22.1333,6.6762,4.1451
voa-77be97e7-6960-458e-8807-320caf817cfb3,9.355,45.628,52.938,34.6333,15.75,8.923
voa-7812317a-8585-44d9-951d-d84580cdacee3,9.8512,54.4616,56.5944,20.2,9.3167,4.6627
voa-781b0615-33cc-4f55-b88f-1eb42bd928fb2,9.5624,42.5839,48.404,25.9333,13.5333,8.3609
voa-782c75b7-886d-4a6e-85b6-51735124a4383,10.0121,47.5387,52.8224,28.1,13.0833,7.2935
voa-78537141-771f-40a6-be61-fb705effe8223,9.7149,49.1834,52.2821,29.0,13.1778,7.4541
voa-78ab2fec-3cd0-44d4-8894-88038f038d031,9.8919,41.9439,55.2941,29.3,14.75,7.5791
voa-78ede415-44d5-4ae5-9b90-213ef59702001,8.1325,59.4811,53.6842,19.1,7.8571,6.0025
voa-79b03dc9-0d03-4962-a537-0492082507132,8.964,56.7439,53.0,24.6,10.0714,5.7708
voa-79c1b787-2b7e-4f59-a4c2-6d57e43929423,8.7646,48.2582,57.8423,26.6333,12.5222,6.3264
voa-7a3dea4b-dd7e-4126-93cc-5a11934227571,7.3072,64.015,58.0,23.8,8.5,8.3468
voa-7a5865b2-9c27-4403-9fd7-00e924889b7d3,10.0842,41.9677,56.5824,28.8333,15.0667,7.3686
voa-7a6d3859-bd73-44f9-b32f-e6597775ab9e1,9.9706,44.1089,50.5155,26.4,13.4,5.3173
voa-7abe65a8-300d-4e2b-8863-9ee63be4b9942,10.407,34.484,50.8853,26.9667,16.4167,9.1723
voa-7ad4e058-f5c1-4237-ad19-64f8afdcaca72,8.5557,50.7142,46.601,22.6,10.9405,5.292
voa-7af22091-dc96-4681-88e6-25ce6a2579bb2,8.7267,57.1203,60.5997,25.4,10.1175,5.3345
voa-7b23d3e8-7368-4886-be36-b987ef1ced301,8.1233,61.9057,53.5354,22.7,8.5,5.4122
voa-7b457c28-55cc-4128-842a-95b2096c966d3,9.4716,38.9315,59.7883,41.4333,18.8889,10.692
voa-7be3989a-24ba-43c4-82c9-0a947516019b3,9.688,47.7104,54.807,23.8,12.0972,6.0402
voa-7c064d08-d2bd-4728-8974-21cf535917401,10.238,35.1713,46.875,18.9,11.8571,4.5467
voa-7c182113-fead-4e97-bc66-d98b3d742c713,9.6104,41.3118,47.2235,24.3,13.3056,5.01
voa-7c29536b-5b91-4419-a5b4-17817bd540531,9.3352,44.785,53.3333,42.0,16.6667,10.1123
voa-7c6627b1-455f-48e7-b181-1542a53cabe31,9.5652,45.0658,45.2632,26.6,13.0,8.6873
voa-7c7173cb-d469-4edd-a057-df2d4510e7ea2,10.3989,54.7959,50.2443,23.4,9.6833,5.7286
voa-7cc041e1-8dcc-4ea0-b9e5-7c3c7462feba3,8.3769,50.9268,55.3962,27.2,11.7556,7.8497
voa-7cc2e421-ec2a-40b4-9aac-458c138048161,10.0868,50.5451,54.0816,28.0,12.0,9.0373
voa-7cf352a0-b6da-4c22-ab28-5cf39ee2fa693,11.3553,23.6908,45.3537,30.0,20.3929,8.5226
voa-7d192609-3d85-4030-b5d2-70396d4225b21,9.8987,30.6309,52.5253,45.7,22.6667,11.3296
voa-7d963693-b5a2-412e-a8d6-97eb99004a0d1,8.2602,63.865,67.0,27.8,9.0,5.4854
voa-7df173dc-1896-46ab-9088-1e89dfabe1cd3,9.9485,40.6219,53.2441,27.8667,15.0,6.4153
voa-7e6d020b-ce55-4d8b-8b87-2d44eb2a49982,10.2884,31.6385,53.5717,32.3667,18.3056,9.9555
voa-7e77aa8e-7ad2-4484-9f10-3558c285010c2,10.4817,18.7021,51.3507,59.9,26.8,10.0767
voa-7ebc7932-322c-40f9-8ee5-07fd9906d9112,10.5487,39.9663,42.9696,24.6,13.75,7.2683
voa-7ef09445-9e01-40f8-829e-f17dc8c638491,8.781,37.0333,56.383,22.3,12.8333,5.0626
voa-7f02e2f6-476f-4c9d-9543-6ce8d060ce943,9.6602,36.3514,47.7287,30.0,16.45,7.4784
voa-7f0584b4-4426-4269-8785-436123c6438f3,8.9377,49.7757,57.2963,23.3333,11.0111,5.9451
voa-7f17d86c-d29b-4665-b542-45dac54f4b723,9.2635,53.9503,56.2697,23.4667,10.5619,4.2712
voa-7f3f7c38-c7bd-4574-98cd-3e7247266ed92,9.3198,41.6372,53.9432,35.1333,16.15,7.3223
voa-7f759bf6-5d77-48a7-97bc-b12d6f6892db1,12.2279,16.3168,57.732,63.5,32.5,14.3559
voa-7f97172e-1c57-485a-81d9-2f761c39134f1,8.2645,57.253,55.3191,25.4,10.2,4.3427
voa-7ffefa0f-87cc-4ad3-b9e4-70cc3bc167103,8.7989,58.7052,65.7092,35.3667,10.8,8.7627
voa-806089c3-4713-4e1a-b209-ac0a556732601,9.5629,49.1562,53.5354,26.8,12.4,5.4525
voa-807c1a14-dc30-41c5-bad4-7e9333dae06c3,8.0433,53.9434,58.8256,35.1667,12.1111,7.3644
voa-814a37fa-a350-4c62-ae1a-30915bf4fc082,8.168,47.8969,58.0609,26.8333,12.7222,5.7256
voa-81663986-7858-4c7e-bdf0-c038c8e2efed2,8.9858,45.203,50.3801,27.9333,13.7833,5.5954
voa-81954979-99ae-47a3-863d-d0e6ef4a6d4b1,9.0298,61.3283,57.2917,27.2,9.4,7.2473
voa-819c6f2e-fd63-4c5e-a987-e6b013291c3a1,7.3735,57.1163,67.0,34.8,11.4,6.6418
voa-81d58acd-b4fb-491d-b9a5-4adc626aef991,7.9106,71.325,64.0,22.7,6.4286,7.0797
voa-8206f226-3277-4854-a5e7-eec329bc1e9d1,9.3743,59.7738,61.9565,20.3,8.5,4.9332
voa-821de8ad-9358-4027-91d4-e091404b587b2,10.7486,37.7825,43.0969,22.2667,13.4048,5.1866
voa-82fea98f-4cd1-4480-9d82-34db0e8979a62,9.839,44.8243,53.6578,31.7667,14.9778,6.7943
voa-832f39e8-80a7-42af-a230-32d53c4a44791,9.6644,46.1837,51.6854,24.6,12.2,4.7155
voa-83356a62-ec0e-4077-a4e3-93774dc1a7e43,10.2684,37.4392,48.5371,33.6667,18.0,9.0612
voa-83362472-c93d-4fce-a175-b1589900307a2,8.8789,53.9899,54.6391,26.2333,11.4167,6.5861
voa-8371b383-7ae6-4ba4-8002-9bef95c278c31,10.6857,45.9584,53.0,29.4,13.4,7.8762
voa-8371e870-3a6b-4993-a3c3-e069d8a2878a1,11.6582,17.34,51.1111,61.5,31.5,13.1726
voa-83f7018d-8ba8-4230-8be9-4f2c5f7a702e1,9.7613,47.6438,57.2917,33.5,14.25,6.1212
voa-84ccc098-bc65-4378-8ffe-a33895888a331,9.2002,55.4043,52.0,24.0,9.8333,5.5203
voa-854d256f-1706-49e4-81d4-37f7bdaa58701,9.4895,42.4228,59.596,36.0,16.0,11.3296
voa-8569cd09-dbff-4f4d-8e1e-6afe06909a031,7.2916,57.3799,62.3656,22.5,9.0,3.6846
voa-859c2e49-d1a1-4237-a7a8-6dd26f5eee813,9.2625,45.3934,54.9312,34.8,14.9833,7.9398
voa-85c6077e-8d8e-4a07-b4c3-59f9cd7f88ee3,8.89,47.3168,54.0652,32.0667,14.1944,9.4531
voa-863ff7e1-06d5-45bb-b76d-77ce922611a12,9.7558,44.1111,53.3983,27.8667,13.5556,6.9304
voa-866e8b04-1489-4cb6-a361-cc88a45eb5eb2,10.0122,45.4127,52.0475,25.9333,12.9778,6.5711
voa-870a26a9-38b6-4501-a934-cedf829875671,7.9633,69.8268,64.0,25.5,7.1667,8.0816
voa-871901a6-700f-47db-bd4e-9744755b155f2,10.6089,47.4834,51.3379,26.3333,12.5722,6.8244
voa-87249dc6-7ea5-4e33-a54b-e77aac18cf991,9.0158,59.8508,68.0,28.4,10.0,5.5833
voa-873a2b6c-9e37-476f-a5a4-860428e752413,9.8293,53.8321,56.3236,25.8333,10.919,7.1524
voa-8779b787-bfdc-44ce-bd2c-0280b2e22c6b3,9.0902,58.7096,61.8297,28.7333,10.6444,6.7057
voa-878c290e-81d8-45a5-bace-4b6aa5e63e1c2,7.5148,64.5004,60.0911,22.3333,7.8,5.0053
voa-87a6648f-fe19-4402-8115-95e46882dc3e1,11.1328,37.7554,50.5495,25.6,14.2,5.7554
voa-87abbd0d-73cf-4dcf-8788-4e1a725409bf1,9.8102,48.2629,54.6392,23.3,11.0,6.2186
voa-87c78bdb-99d1-49df-8e79-1a7136af9f9e2,7.9244,68.9632,63.754,24.2,7.5926,4.3934
voa-87fce468-d2eb-4e56-a64a-31c69aa329c42,9.3681,50.1378,52.5046,28.1,12.4833,5.8372
voa-8856f833-4169-40ba-8fb9-ddef5d6a97722,9.1172,43.4244,55.0139,30.8333,14.2024,7.7978
voa-88eae768-c244-49ac-92c1-d7e2a1cacc711,9.0866,53.6775,60.4167,19.4,8.8571,3.9265
voa-891ba391-3b77-4c16-867b-37d05519ab031,8.777,45.48,63.0,39.8,15.75,8.3791
voa-89381fd4-464e-4bca-bd2d-e57d47c82f062,9.7874,43.1026,53.2899,23.1,12.4889,5.6199
voa-8945414a-7810-4af7-9671-9041529b43023,7.7348,64.2738,63.5923,28.8333,9.0,5.9578
voa-89769b41-3212-4dd1-aca8-d6d8ced57caf3,9.4216,61.0945,57.3741,23.9667,9.0444,5.6692
voa-89802478-1afe-4388-8432-264910fefedf1,7.763,70.2451,63.0,30.5,7.6667,8.8217
voa-898b84bb-6337-49b1-9072-a8313ecc6aaf2,8.5421,61.5314,56.3191,20.8667,8.0746,4.2808
voa-899fb9e2-2f56-4808-aed2-92f64a71243f2,10.1165,48.2435,56.6801,23.6333,11.7778,4.7514
voa-89a5812d-d5cb-4376-8106-5174a4a03f5d2,8.3207,62.7845,60.8188,22.9,8.0333,5.1499
voa-89af7b99-a495-4894-a27e-d0487de663813,7.9311,65.4199,60.648,24.4667,7.9484,4.8836
voa-8a0c1cb8-ee54-42ea-9f11-e3b3dad0c9b93,8.428,47.8257,57.0343,32.9667,13.9833,7.9619
voa-8a928bcd-1208-418b-951f-5492e95231ab2,8.4268,55.5666,53.0,22.3,9.5625,4.4314
voa-8aa0f360-580d-48a2-b81c-f5b1385a506c3,9.6235,36.0088,53.9583,34.3333,17.5556,8.7482
voa-8b10f880-601e-420a-9fcb-9c911435429d3,9.4206,43.3669,48.405,19.2333,10.9921,4.3088
voa-8b538ef2-8f73-4b9f-acbd-2753c3572c611,9.1567,44.9811,48.4536,28.0,13.2,6.1929
voa-8b584e28-9ee8-4218-9c6b-346c5058ef3b3,8.9523,61.7976,59.762,24.4667,8.4,5.7297
voa-8b81dfc9-f14e-4e34-be53-1b6b6baf319d3,9.5116,48.6312,56.1698,30.5333,13.6111,8.0291
voa-8bb2aa22-9871-4a2f-8ccd-cf0e4f95e4152,7.9038,63.379,65.1011,37.0333,10.1167,7.8854
voa-8bf47625-2b03-4ebb-8a0e-d909e88121271,9.9752,33.4828,52.8736,38.7,20.3333,12.6428
voa-8bf6868d-5d1b-48ca-93cb-684301173f392,10.3519,36.2854,50.7179,35.8333,17.5694,10.4621
voa-8c2b14e8-814d-4ebe-a721-40a6e2835dd11,9.5655,55.5986,53.5714,29.8,11.25,9.3309
voa-8c976f10-aceb-4a83-8ecc-d73d8bfdb78d1,6.6912,84.0667,67.3913,19.6,3.8571,5.7068
voa-8c9af604-717d-46ec-882a-ee580d66da162,8.8187,59.2672,52.4626,21.5333,8.5381,5.9355
voa-8ce8305f-cc72-46b8-adab-b782c3ebf9c23,9.3994,49.8512,54.288,29.3667,13.1444,6.4356
voa-8cf78a97-1667-492e-8be2-619c65cc2c131,10.3729,49.1906,54.2169,29.0,12.75,11.9993
voa-8cf986a6-cc45-41ba-836d-1f206d508c252,10.3754,24.853,46.1418,35.1667,22.7389,7.0653
voa-8d08209e-389b-4733-8bc6-0281cd3a5ed02,9.0101,53.4199,52.5543,20.5333,9.5873,5.0248
voa-8d2e9fcf-72db-4ff7-9f98-4a084107799e3,8.7954,50.1995,54.3436,25.4333,11.5667,5.6782
voa-8dcf36be-eb73-4d74-aeb6-c46a6fcb67c23,8.6611,59.8228,64.4843,27.3,9.9722,5.827
voa-8e29cc73-ad6a-43c6-9e3f-7919e43db4822,8.8349,62.103,58.2989,20.6333,7.6508,3.894
voa-8e9e9eaa-187a-45e0-a707-9efc54c637da2,9.4661,57.4717,55.6667,24.8333,10.2444,7.714
voa-8f39395f-0e8a-46e7-a417-26f0ba5ff43f2,9.1272,53.4009,56.6094,23.9333,10.9556,4.9774
voa-8fd7f94f-08a8-4295-80cb-8cf8ec964c2f2,8.5613,52.284,59.3068,32.9,13.15,5.623
voa-8ffba9ca-9f53-4218-b6b3-ba0e01c33af03,9.6772,59.3242,53.601,22.8333,9.1667,6.174
voa-901def40-8a7e-4b61-921b-aa5847941b2d3,8.6552,55.7997,54.9811,24.9333,10.6167,5.912
voa-905da0e5-865b-4bf2-958f-d249b775f4da2,8.8654,57.7582,53.8897,20.0,8.8139,4.2454
voa-908c8b9a-dbfb-4b05-b538-768c53f436e41,8.2771,64.9333,57.4468,22.3,7.6667,4.348
voa-913ae677-d734-4d3f-a992-43a148d8887d2,9.6336,40.7556,51.4676,39.0333,17.9444,8.5179
voa-91c440c7-03a7-452b-9d6f-c3c74c8da1212,7.8553,59.2947,65.2342,32.7,10.7778,6.7968
voa-9215be99-da03-45be-acc8-a5ed7181c10b1,11.0685,36.4175,53.3333,32.0,16.75,10.1787
voa-92949f3a-b585-4ee7-8269-8bc99eb3358c1,7.8776,52.8658,62.0,29.8,11.8,6.6524
voa-92fd8c85-96d9-4ba9-a6b6-5145284ef8bd3,10.5733,29.4585,48.2846,30.8333,18.5389,5.5722
voa-9350124e-d131-4b7b-85ce-8326cc9b5bf52,8.6124,44.8829,50.549,22.3,11.5833,6.3217
voa-9364cd0b-b912-402e-98bd-1364d6476cdb3,9.3065,42.3454,53.2469,29.8667,14.4722,7.3949
voa-937517aa-6d5c-41c9-987a-9a8e1dd0dd0e3,7.091,74.1651,67.0242,24.9,5.8452,7.0513
voa-93960b9a-fdfc-42d4-bb8c-91d0a91de4ae1,7.363,71.0852,61.0,28.8,7.3333,7.0919
voa-939c03ca-ca8c-421a-a00f-1c1b3b708c703,9.5294,44.2483,53.0351,30.4667,15.2976,9.642
voa-93db4b73-1725-43e2-8a7f-929814621e631,8.6358,53.8607,50.0,22.5,10.0,4.6258
voa-93f03c96-da85-4534-aeff-f9a20c9d21243,8.8407,57.5558,60.8596,28.2333,10.8722,6.5932
voa-93f4f76d-56e9-447c-aeeb-dd0e4b282f852,8.9749,54.7813,49.7954,19.5,8.8333,4.4143
voa-9401ac6b-5f61-48be-9166-62efbbfd2cc93,8.5375,51.0946,56.309,26.2,12.3167,7.0313
voa-94280856-cb06-435b-899d-3871d6d6526f3,9.5743,41.4027,59.9275,27.0667,14.5056,7.6164
voa-94446256-facc-4713-b569-5713e11c2ced1,8.1233,60.1966,55.5556,22.3,8.8333,6.3271
voa-946e8540-e1e3-4ebe-9a8d-acc660cbb7231,8.14,53.8329,53.0,20.7,9.4286,5.8611
voa-9480d2a0-7fbc-49b0-95d4-5e16070a942e1,8.3636,52.5937,55.0,29.0,11.8,7.7981
voa-94a4dec8-da33-43f2-a683-7cbd1d157d841,9.2786,53.5565,51.0,24.0,10.3333,5.6709
voa-95026e9b-5a3c-4198-9391-5a2d6875aa9f2,8.2857,56.7622,63.3051,27.9667,11.1349,5.3783
voa-951c3aad-11cb-40d8-b22c-bbd9abf3aeae3,9.2062,43.3432,52.0091,25.7667,13.0944,6.5664
voa-951cf65e-54f8-4205-bd88-d6759958fdc33,10.1858,50.6478,54.7778,27.5667,12.1333,7.5057
voa-953f605f-def6-48b0-ae87-10bfeed6e1ff1,10.4493,22.26,49.4845,43.7,25.6667,14.3251
voa-9552ceb6-27ce-421a-aee8-df94c18b85112,8.4454,57.3743,60.0,24.3,9.8,4.3932
voa-955a361f-0477-4fb4-83d5-6992aca4d1132,9.9937,50.4547,57.9165,28.0333,12.5056,9.244
voa-95b93396-f2f9-477f-8ad4-d77ea96740613,8.8526,55.5573,60.5048,24.8667,10.1762,7.1158
voa-95de6b10-8275-4c39-9a4e-276b7d0783d72,8.2915,64.0976,60.6667,32.4667,9.3333,5.9092
voa-96dc758a-6cb7-460b-b9e1-987111edc1153,9.2027,49.6716,50.2211,20.0333,10.4222,7.0157
voa-97158b36-6de2-4a34-96b5-27bc637ba2aa3,9.722,38.1052,47.2292,26.8333,14.9667,6.8987
voa-978b3466-51b2-4f86-a33a-34af50ad30772,10.324,50.6514,59.5679,30.7667,12.9444,7.4511
voa-983473d8-d364-44f1-8caf-6966c0be4e3b1,10.673,30.6544,47.619,22.6,14.8,7.4992
voa-987efb33-be83-42b4-ac93-c02d4941237d1,9.0341,37.4164,56.8182,31.0,16.25,9.8477
voa-98ee4347-5867-4917-895f-1ea6701242d23,9.5355,47.7903,53.8718,31.9667,13.996,8.126
voa-98f53c6b-cfb8-4f06-8969-ab4005a8c4423,8.0939,61.8628,63.6279,25.6,9.4,5.5955
voa-99064caa-d610-4d21-aa97-26e3c9ac72143,8.7956,45.8939,54.0147,28.7,14.1167,6.5119
voa-99327dd9-9261-43f5-957a-45e9d2007d761,10.4781,40.5322,56.5217,43.0,18.3333,6.8979
voa-99b924e8-9d14-4725-984e-5d9f8abfeedb2,10.2605,35.2189,44.6508,25.4333,14.95,6.1154
voa-99d592b6-3c12-4847-a5eb-c4090a6307311,9.0497,50.329,54.0,28.4,12.2,9.227
voa-99e548ad-d613-4898-ab26-a27da7fe11be3,10.3705,32.7787,51.3035,25.8667,15.3357,7.9675
voa-9a0dc98a-cde4-431d-bc07-173f9fa8584a2,9.7958,46.7498,53.1548,28.1,13.0,9.3818
voa-9a216ae6-8c99-48b8-b6be-9cbf779e6ceb2,7.7691,59.239,64.2821,29.2,10.5611,7.3933
voa-9a55949e-e0d0-4836-8680-c620d58b53802,11.2048,50.9423,49.8176,32.5667,12.9167,10.0452
voa-9a574754-5719-4a50-ab1c-568a6cf1f3fb1,9.313,50.5947,55.914,26.8,11.6,10.5309
voa-9abc3b41-05fa-44f8-bae0-757c20e4fdb23,8.9482,52.4083,65.378,31.8,12.4556,8.2474
voa-9b1cd615-9d62-47ae-8553-be3a27065b7f3,9.1838,39.1956,61.0,47.2,17.5833,8.7728
voa-9b3617a1-567f-43d4-848e-8dcce43aa0592,10.0027,45.7806,50.1545,28.3333,12.8254,7.3546
voa-9b725da7-f0cd-44a3-8789-f82feaa9c3e83,9.9988,42.622,50.7869,29.1333,14.7667,8.0368
voa-9bb21f61-57dc-47c9-a1fa-98146b2967bb2,9.0586,61.7092,56.3483,17.9333,7.3512,4.7345
voa-9c349019-0248-406b-be23-34fd95f58c881,9.0016,45.2825,54.2553,31.8,14.75,13.7915
voa-9c685d9c-c7e7-489d-be02-837754498b1b3,9.1093,52.3911,58.0818,29.7,11.9111,7.7672
voa-9ca40c0e-cbe3-49b6-9af6-06ac43bc17cb2,9.942,35.0011,47.7483,30.4667,17.0556,6.4169
voa-9cae7f8e-15a4-4954-9d57-694ae12a85e91,8.1842,71.7571,67.0,29.2,7.2,7.8926
voa-9ccbbd47-8a30-410c-85f2-cb207f96b3fb2,10.9481,40.5056,47.0067,26.3667,14.0833,5.5292
voa-9d371b11-d181-4e6f-92b1-1d8be4e171931,8.0643,56.4798,50.0,17.7,8.1429,6.8492
voa-9e27f67a-7e03-4b9f-9696-6b23dc3d4aa31,8.7558,54.5196,61.5385,32.5,12.0,10.2392
voa-9e2feef2-dd6a-4cee-a7d3-c88bdf16edad1,10.1885,31.7079,50.0,24.3,16.0,6.5885
voa-9e9605bf-536c-4eed-ab09-4f2e279b30ae3,7.2287,58.3876,67.4551,37.3667,11.0833,6.4275
voa-9ec2646c-d17a-4d0c-abcf-8069c49ed9853,9.739,41.4263,57.8644,38.0667,19.1349,6.8262
voa-9ed42519-4892-463a-b6a2-e6997584b5ca1,7.7145,83.0982,77.0,20.3,4.125,3.0394
voa-9f3c1040-1812-4c53-a864-96d80ff5a00d1,8.1824,62.2176,64.9485,23.7,8.3333,6.1672
voa-9f532970-3d78-4e01-bd0a-2a374c461cf61,8.949,46.0333,47.8723,21.5,11.1667,5.9413
voa-9f70e0d1-024c-40d3-a872-cd86cc773a851,9.3572,44.7544,58.3333,24.6,12.0,7.4577
voa-9f940247-3df2-48e1-8124-5870cf014d583,10.8959,35.0297,49.4794,37.3,19.3333,10.9631
voa-9f996552-a9e4-40fd-aebd-0479a98f2bc82,9.061,56.6587,59.4347,28.3333,11.5556,6.2765
voa-9fb00298-e847-4613-bdb1-e685430da1831,7.4882,68.7719,60.0,24.9,7.5714,7.6192
voa-a00a955a-5125-475a-b21d-ee04c505a75b2,9.1848,50.138,54.3765,23.2,11.2,6.2803
voa-a0653764-5ea8-409a-af93-a35ec7b9c6801,8.6947,53.6488,67.0,40.0,13.5,9.4235
voa-a06fb8cf-209f-495b-b7e0-16ef64d1c2bf1,8.1042,68.2217,63.0,20.3,6.7143,4.1936
voa-a1cdfd99-04f9-4bcb-8d25-4f4a859e32532,8.6516,51.8934,56.0866,23.9333,10.8056,5.5935
voa-a1e90235-c63a-4a93-92f2-6aff68ce96a41,9.643,56.6,47.7273,17.1,7.8571,3.9945
voa-a1ff4a5f-d792-483b-88da-b59bd4ef72913,9.533,43.0386,48.6825,22.0667,11.6389,5.4493
voa-a2176483-bb1c-4de4-a511-c7afc7cfe3412,8.0748,64.9024,58.3892,27.7,8.7302,7.9349
voa-a2ea4a15-37a9-42e8-8786-045a0bfc6a241,8.3049,29.5582,45.2632,32.0,19.25,8.6401
voa-a2eb40d6-4b89-44d1-bdc8-ade5afe519051,10.3091,52.0455,59.0,49.7,14.3333,9.3568
voa-a2f906bb-678c-4247-bd32-7b21a917100e3,9.7371,47.2491,56.8903,27.9667,12.9889,6.5588
voa-a31e016a-9d2b-4595-bb96-be9621522cad2,10.4383,41.7675,47.6001,25.4,13.4,5.7114
voa-a36f1dfc-0664-4f96-bb43-4e89b729501a3,8.5821,57.0642,59.7685,29.6333,11.0333,5.9477
voa-a3f02dc9-a0e5-48ce-a2b2-3511508e0ab03,8.3866,62.7225,65.4824,26.5667,8.6889,6.9165
voa-a3f6a72d-5d95-4933-93ea-72f6650f5a623,7.9922,51.8037,63.5294,51.5333,14.2889,5.0935
voa-a4ad66ec-c9c9-4183-ba88-0d91abbcf6633,9.9561,49.0445,56.8675,28.2333,13.2381,7.9412
voa-a4b8b7bb-35f3-4832-9d0b-56d63e3a3f623,9.6454,45.2291,53.0337,29.0667,13.3167,6.7161
voa-a4f245e3-0452-4b9e-8e7f-346df31667d43,9.2379,51.8528,60.9892,26.5333,11.5278,7.5429
voa-a55bc639-b547-40a5-8a93-52ec1c622ab41,8.8964,45.5552,51.087,31.5,14.5,10.377
voa-a5aa5fc7-f26a-469d-8f4c-d9e134b1462b3,7.8514,55.5939,60.2757,27.5667,11.0635,7.4513
voa-a5c14ea6-7126-4378-be47-345cd490e9e02,10.3517,44.5157,50.7256,29.1333,13.6,7.1179
voa-a5f262ed-c632-4647-b090-f9fd9ee00c943,8.0125,50.3371,54.2288,25.1333,11.1556,8.3116
voa-a6266878-9b55-45cf-9d5e-bf93e0f630d02,8.0802,60.5542,60.8194,29.0,10.1357,5.7294
voa-a63bee55-fdb9-45ed-8bb7-a4d19b69d5502,8.9513,62.3052,60.4444,22.8,8.5238,4.3677
voa-a65def4b-c8af-4c20-9874-aa61952a80303,9.9357,40.6652,48.9817,34.0667,16.4722,11.1143
voa-a660b54a-bdb4-4a08-825e-27768e9bbdea1,9.8291,41.2863,50.0,44.3,18.3333,10.9276
voa-a66636bd-8ee4-4b40-94a4-95682638629a1,9.583,45.5552,57.6087,33.5,14.5,8.3471
voa-a6ab9ecd-94e3-4c24-a4f3-c097dd78fa4a1,9.8384,51.9219,51.6129,20.5,10.0,5.0219
voa-a6f91f16-b707-4c35-9b78-a922612eafdb3,7.6582,69.6254,64.6961,23.7667,7.1111,6.0211
voa-a71a468a-b866-4790-b0b3-f4a2124192163,10.5338,26.3851,51.3121,35.2,21.9167,11.1377
voa-a79722fd-21a1-40c4-a87d-a4b8bc4f74833,9.1588,37.27,52.7437,36.2667,18.5333,9.2867
voa-a7b5e10f-69a4-46aa-8fe5-4357d71f73ad1,9.1386,51.4575,60.0,30.8,12.75,13.1284
voa-a7f1379d-a2ca-4b73-a9e5-893a7c790bc31,7.9694,67.1066,56.0,16.6,6.2,3.5367
voa-a851f1eb-bd92-4f9e-a08c-3010997e4c642,10.0502,37.452,56.0808,41.3333,19.5556,10.1335
voa-a864cfe5-8a5b-4c47-8b13-0f1075b8128f3,8.2796,51.9817,60.0702,24.5,11.0095,5.7818
voa-a866fb43-7aac-4bd7-9b72-277fbfbde94c3,9.4186,51.0603,52.8883,22.9333,10.6389,6.0168
voa-a88567fb-053a-4a6a-9625-ac1f030729df2,9.2468,59.333,57.0485,25.3333,9.6389,7.9893
voa-a8941e78-11f7-48de-88b9-a90b7f7d1a7f1,9.529,53.12,48.9583,22.5,10.0,5.2343
voa-a8d43df5-13c4-4d98-9299-a9b3764f5a143,10.7931,31.9679,49.6627,28.6667,17.0333,7.8436
voa-a9029a59-7893-405c-8fe4-b3de925e8e892,9.0387,44.5957,55.9939,45.3333,17.5556,9.1162
voa-a9f894a8-2fe6-4765-9c86-91cd0137b20b2,9.4948,44.7581,48.8582,24.6333,12.381,5.4375
voa-aac9b127-3d85-4f86-a00f-97ca8007bbb71,9.4473,44.2996,56.0,28.6,13.8,9.4619
voa-ab80a5c1-1aa9-444c-8edf-ef21ac7525813,9.9729,40.9353,51.6278,26.7667,14.1667,7.3282
voa-abd14603-a7c8-4372-a952-65a3554cba321,8.0383,63.027,66.3043,33.8,9.75,8.2984
voa-abf1aaf3-539a-4a71-abb3-0f14fdf1467b1,8.2353,58.5206,59.1837,34.3,11.25,7.4102
voa-ac5549fe-18f0-4f5f-a787-a0acf331d0172,9.093,45.9034,56.1327,28.0,13.4111,9.1258
voa-ac55bef6-39ea-49b9-9b9a-0e852505d2252,9.8271,46.5488,59.0673,29.1667,13.6667,7.3121
voa-ac5a3932-ee7e-42af-a775-eccdbef114803,8.6249,56.0914,57.9814,29.5,11.0667,6.1523
voa-ac8beeb4-497b-406e-bbc7-7e926a75d7f83,9.4829,57.2316,56.4279,30.4333,11.4889,5.6272
voa-ada76008-e780-4ec9-9db4-bfd901dc4ce61,8.4465,63.6835,61.6162,27.2,9.0,7.5198
voa-adb1f5b7-469c-460d-add8-c7c1f603f5a12,8.2743,53.1723,55.4405,37.1667,13.75,7.0818
voa-ae48a449-491a-4396-acd9-4033b0e75cd32,9.7539,42.7617,48.6764,33.8,15.75,10.2286
voa-ae9b6c0a-b2f8-4170-bd8b-ec4446aa92a41,9.7567,38.6253,48.8636,41.0,18.6667,9.8591
voa-aebdb3ce-fc63-426b-84fa-689c22070b372,10.1165,44.0962,52.1839,27.7,13.9722,7.4106
voa-aec10c82-da26-4486-8be9-8655e9f401442,9.7884,47.6335,54.4659,29.3,13.6167,7.3442
voa-aed7f0fb-3bc1-44df-ae7d-9e54772602011,7.7899,57.2147,58.0,24.7,9.8333,9.8599
voa-af0b8eeb-a5bd-4728-a1b5-36f8711c27bb1,10.9517,22.4025,55.2083,64.0,29.0,19.5012
voa-aff86190-d3ad-40ad-9a12-b893ecd459b81,9.0844,50.8653,52.5253,27.6,12.0,6.3522
voa-b04688be-d93a-4a81-99c2-62fb0374e2193,8.7844,59.8347,61.7415,29.4,10.0333,6.2043
voa-b07fdf83-de87-4e52-8aa3-e147c6c082711,10.4301,24.0495,46.3415,28.0,18.75,9.0913
voa-b156f69d-fd18-4369-ab1b-f80dbfaac3191,8.7613,48.233,60.6061,24.0,11.1667,6.3522
voa-b264a549-70bf-4d18-a3be-13cd2289b3a01,8.6878,57.0151,63.0435,20.3,9.0,6.8654
voa-b2784b9a-2afc-4b91-af2c-b525e059d9673,9.8398,45.4361,49.8331,25.1333,12.5333,6.9892
voa-b3b597db-e85b-409e-82b9-bd116ba1ab931,8.9337,62.9215,71.0,25.2,8.5,5.7341
voa-b3cc711e-9fd8-48b6-8ec5-9f0dfc329c7d3,10.1115,46.0866,56.3333,39.0333,14.8889,7.5865
voa-b43e2b74-493b-4ab2-b8bf-d85390eba9b42,10.1884,56.9226,58.3013,22.0333,9.1317,5.6209
voa-b4446e09-6f7e-4a3f-931a-edcd6ee4bf223,10.6697,24.5907,52.1287,43.4,25.2889,8.2008
voa-b4631b06-09b7-4fc5-bf65-de88ba98f9fd3,10.2287,43.9793,53.0635,34.3667,16.0667,7.7633
voa-b47ff1cb-6b09-4618-b475-b4a22bc20c9d2,8.8297,46.3618,56.7472,30.1,13.85,6.2329
voa-b4a45e6a-5133-4c38-bf10-984d3a3c63672,7.7601,64.3492,62.8826,24.2,8.25,5.412
voa-b4d7f992-9679-47e7-b128-bd67ff7d35353,7.6884,68.0793,60.6677,19.6,6.4921,4.4046
voa-b4e937ab-f2d5-4867-ba57-d3fcafca87203,9.025,51.3362,60.7526,34.0667,13.4056,6.6834
voa-b4edda49-6888-4b7b-8c02-2c4e8d2959ef3,8.7405,42.364,52.7132,28.2333,13.5,6.3188
voa-b5352bc3-dae3-40f4-b083-d07a967bd7332,8.3987,52.8079,57.7868,28.0333,11.9667,6.111
voa-b540dc45-2aa4-4ad7-8ce4-31fd6325d0371,8.6097,50.3359,53.0,37.0,14.25,7.1669
voa-b613dc66-fd3b-4cf9-a4d7-32f2c47293941,8.9242,50.207,55.0,20.1,9.7143,4.7719
voa-b65d808b-049e-47fc-a4b3-1aefd46c6c4b3,8.8367,54.5738,61.6667,27.8667,11.2611,6.4558
voa-b6b4c82c-3294-4a73-b46e-cf1215dd3b5a2,8.2163,56.9659,58.3617,21.7,9.4259,4.9143
voa-b70a38bb-5ea0-4f20-843d-1a79f28b61962,9.6736,47.7148,53.9078,29.0333,13.6111,7.8509
voa-b74a101b-f93c-410e-bf5e-aaa5693fab181,9.2796,56.4165,63.0,23.8,10.0,5.9672
voa-b7ad7bbb-cb02-46bf-b2d7-7b897098ce983,9.2401,49.6609,51.872,23.8,11.3333,5.7065
voa-b7d9a0b2-e8ea-4f79-8179-616929a404d52,10.8253,40.4397,49.7742,28.7333,15.2667,7.3548
voa-b859297e-a361-4ee4-ac90-cb897289481a1,8.2293,65.9744,61.0,21.4,7.1429,6.5893
voa-b87c8692-8d92-4fda-8d4d-dd311075d1463,8.6308,50.7923,65.0246,37.6667,13.6667,7.8253
voa-b881cd6b-b4a8-44bd-bc95-d81760fa576c3,9.4217,44.7422,51.873,28.5,14.3,6.5184
voa-b8ab4cc3-978e-477b-9b4e-a50ee9e8d3c71,9.7077,45.4692,60.6742,29.8,14.25,4.7099
voa-b8b2c605-8983-49a0-9d87-c5731d4610811,9.8082,35.5617,58.0,52.3,21.3333,8.3976
voa-b9525751-bc22-4c38-a58d-02e2b17cc29c3,8.6364,60.8974,64.0615,26.9,9.8667,7.1229
voa-b98bc1dc-e856-4170-af2e-cf2bc6e1c36b1,11.2019,7.3955,40.9091,58.5,36.5,17.7313
voa-b9b85868-da09-4929-a3da-8f0ca12a0bbb1,8.6926,58.3004,54.0,16.9,7.4444,3.7386
voa-b9ed1273-d625-44ff-a0f5-0d6336da0e882,8.5644,54.1952,53.6275,28.8333,11.2444,8.5146
voa-ba40902b-aec0-4ce1-be39-4b1d879f37ba2,8.9324,58.6471,51.7576,25.9333,9.9405,6.3747
voa-ba91cf0e-de59-45ba-80aa-ec00096cfb053,9.193,55.3629,57.6065,23.3333,10.3333,4.9995
voa-ba9b4681-e348-4ac9-beb1-a34b00012c712,8.8058,37.5775,49.0,24.6,14.125,5.4829
voa-bb270942-bcc3-4a0a-80ad-aa293bc28ef81,9.2678,52.9313,57.2917,33.8,12.75,7.2524
voa-bb36843c-2490-4743-b164-9b98f4815f8f2,9.1707,55.2214,57.2562,23.6667,10.4667,5.0618
voa-bc15a89f-ff55-4bcf-9a93-155d31d301081,9.0993,72.1889,63.0,24.7,6.7143,6.3777
voa-bc2a1650-750e-405c-82ac-b58f4da2998e3,9.434,48.4149,56.812,23.5333,11.6556,5.7966
voa-bc616b39-3a4c-4f12-bbaa-5629e0b13b4d2,9.6415,39.1316,48.6531,25.6333,14.3667,5.513
voa-bc69f382-4c84-4a00-a88a-8b78c819810d2,9.9446,40.4627,46.8898,29.8333,16.5159,6.9633
voa-bc9c0dd6-3f66-4084-948f-8b69a980d7453,9.1606,52.2077,51.5538,24.3,11.0111,6.847
voa-bcabfc88-a7ed-4a0f-ba7e-35acaf8b69503,8.4772,62.8087,59.7912,22.4667,8.3778,5.0514
voa-bd2f1499-fd48-4c56-8d0f-79504be73d3a2,8.7494,64.399,59.2625,23.7667,8.0952,6.1099
voa-bd710489-aa1d-4c31-86f2-d4f676c4ace32,9.9862,36.9703,47.4272,26.3333,14.8056,5.752
voa-bdb053ab-6153-4941-832c-f6ded372978a2,10.5053,37.2239,50.8333,33.1667,17.2,8.7691
voa-be6a2bf5-fde4-4e51-88fd-14b3078d5f1f2,7.8672,58.2184,57.9993,26.1,10.4833,6.7457
voa-beb61d33-1b76-4385-99f8-e0075d8d714e3,9.8114,50.0534,56.2328,31.4333,13.4111,8.7279
voa-bebdddbc-0dc5-49dc-9f20-33200491133d2,8.4347,57.2334,59.1228,30.1,11.1111,8.85
voa-bed49d7e-8ce1-4695-aae9-7cb38f80adda3,9.4155,45.27,55.2726,32.4667,14.7111,8.5202
voa-bef331e4-5a01-45a9-9616-f991756888be2,10.193,47.4456,51.3889,27.1333,12.9333,6.964
voa-bf45011c-5394-4aae-8f77-f216b5dc72102,9.1924,55.8164,62.7189,24.2667,10.1143,4.8274
voa-bf4cb69f-3423-4c94-989a-e8238a9aeebb3,8.4575,58.1265,64.1799,36.0,11.4722,8.0849
voa-bf52ee41-731e-4bf5-90ac-6bde945612732,11.1286,30.9634,42.942,30.0667,18.4778,6.8666
voa-bf92130d-88aa-4a97-91d0-b1900df64ae62,8.7488,55.0928,50.7893,17.2333,8.0972,4.5813
voa-bf9f5958-8f85-4a53-acb9-b2e9180790403,8.1974,44.0412,52.3459,24.7333,12.5992,4.7894
voa-bfa11dc8-95e6-40b3-8e8a-6089ca127a153,9.4566,42.6816,57.4004,24.3,13.2944,5.4347
voa-bfbc2e5b-23e9-4698-b69f-5ddf2a0a37af1,7.1503,64.3736,61.0,35.0,9.6,5.6115
voa-bff7b509-75bd-4f14-904c-cb3243e7ef322,8.8736,46.3939,45.5649,26.7333,12.9333,7.0573
voa-c01b91ca-a45b-4d0d-b021-c5efd4cedfb13,10.3668,39.1753,53.7823,40.5,18.6667,11.5576
voa-c102da7d-e5a5-4411-9a06-bc5cc2fa5a261,9.0687,57.1594,54.1176,16.7,7.5714,5.198
voa-c1372678-a005-4eda-ac5f-df9c6853be6d2,9.1322,52.4364,51.2676,24.9333,10.6889,9.1222
voa-c14d45c9-4ad1-411d-90be-040520574e3e1,8.2775,67.8392,70.4545,24.2,7.6,6.4723
voa-c1811430-48ac-4b0a-bd49-ededbc416b311,8.5186,59.9182,60.0,21.9,8.7143,3.8302
voa-c19e386d-3738-4395-8b18-2a54bb3fa3a31,7.9995,57.5643,51.0,18.5,8.0,3.9417
voa-c1c53220-02da-4b7f-b36a-ef9535df2c5b2,9.3391,49.1443,55.4231,32.3667,13.9722,5.7561
voa-c28fdf07-1eba-4508-86af-a8e6bb3e15ae1,9.2788,53.0456,56.7901,16.1,7.8571,4.871
voa-c2a3fac1-3c5e-482c-a6c3-36510cd920e81,8.45,52.514,57.0,18.5,9.125,3.7754
voa-c2d5f22e-07ec-4be7-9bf8-7db41de694ad3,8.9594,44.6348,56.6082,29.8,14.2833,4.963
voa-c2d985ff-6c75-4949-92b0-92aecc325abf3,10.4661,32.1488,50.4953,31.4,19.627,6.686
voa-c33cde3b-149b-4e7a-9854-df6aa2df4b751,9.8465,43.8451,60.2041,33.3,15.5,9.0221
voa-c342723d-5547-4390-9261-69c9aa00806e1,10.4127,30.3763,46.9388,45.7,22.6667,11.2125
voa-c3769035-18ed-4326-811f-77daef2c29041,8.8197,61.9283,60.2151,21.5,8.1667,8.4463
voa-c3c4b1f7-e956-4096-b57d-32c12eb99f3b3,10.9562,41.828,51.6724,22.8667,12.8667,6.1139
voa-c45edb66-2d74-4192-b0ca-30da53f9398c3,9.5394,42.2517,53.2929,29.8,14.9,8.3198
voa-c4bfbe3e-f160-4b65-afb4-15a2852c1e502,9.2392,35.813,53.2872,32.1,17.4444,8.8353
voa-c4c1e476-1d57-4c49-bbc5-6cb3a85da6292,9.2208,42.763,51.2782,33.9,15.9524,7.3192
voa-c4e77c8a-27f7-4241-a66a-de005c46ee3a3,9.2736,49.8609,53.9841,24.2333,11.4167,6.291
voa-c55c0efb-7bee-4f17-89d0-4378fe2f43dd2,9.7255,24.877,41.4831,41.2667,23.5,8.0136
voa-c591ade3-a650-4db8-b1c3-ef653cb6bad33,8.5342,60.3551,58.449,22.5667,8.8333,7.5595
voa-c5a41955-cc40-4536-832c-02ed630031903,8.8764,60.8372,63.2376,22.9,8.8056,4.3428
voa-c5a52dd9-f371-4fa0-8c5c-06fe38e59fa01,8.4287,66.015,57.2917,18.6,6.8571,4.4844
voa-c5c78e9e-dcd3-4ee7-aa49-3b99d2c9a12c3,7.6819,65.3218,67.0947,26.9,8.0278,6.5092
voa-c6023463-e1d5-4b59-809b-0faeaadd3d911,9.7546,40.9574,52.1739,32.0,15.75,5.788
voa-c6d06fe4-ee4e-4849-8c41-71ca6fe060a02,8.9701,59.9621,57.0222,28.7333,10.1667,6.3826
voa-c6d0a371-0bfa-4a05-9af4-058a9a22438e1,7.8776,58.6153,58.0,28.2,10.4,6.6524
voa-c707b1fb-4e3a-4b2b-91ae-7f523f4d57dd2,9.8419,46.3446,53.9991,25.7667,12.95,7.3017
voa-c70ebc99-b14f-4474-bcc2-e528904336051,8.7099,64.1758,53.7634,18.4,7.0,4.9898
voa-c71276f8-ff54-43ef-b562-df52d230a1df3,9.6919,54.5958,55.6289,27.1667,10.9548,6.6876
voa-c720ec0c-47a5-4d58-8817-de2b30121abf2,10.2208,48.6469,52.3158,24.1,11.7778,5.7453
voa-c73a9bcc-0a8e-4c12-92ea-e374617fe0b93,10.0076,50.1792,53.3248,19.7333,10.019,4.8864
voa-c7cdb499-2bb2-4cce-bc5b-9112e72dbe952,8.3139,64.949,61.8772,26.4,8.6746,7.0077
voa-c7eb6535-c5c8-454b-9399-f9e2461648982,9.2459,42.6115,46.925,28.8,14.5111,7.7803
voa-c80ba668-eec2-4cc9-9fdf-9d66f7def1402,9.2478,41.5274,53.8248,34.1667,16.0278,7.2383
voa-c882fc23-ad30-4418-9ee6-c5244351ae9e1,9.2657,42.6863,47.8261,17.4,10.2857,4.9332
voa-c88d1680-4dc5-4ba9-a33b-a572f27f19553,10.1759,28.9434,50.4062,32.1,19.6667,7.543
voa-c8acb9a7-b4ca-4524-b04b-1b0ca0f4cc922,9.6404,45.1109,54.1905,30.9333,14.8611,7.9375
voa-c8bda60f-1946-4c9a-94bb-961b737ce5bd1,9.9217,34.4241,50.5376,13.7,9.4444,4.3413
voa-c8e7d531-009e-4691-9de4-8ed183a923902,8.333,59.0954,56.8116,23.5333,8.9556,6.3849
voa-c91c159f-88ec-48d7-a935-356aeacfb3911,7.1213,80.9602,66.0,20.4,4.4444,4.4071
voa-c934701b-c23d-4996-acc2-bd4532bab7a11,7.6948,67.2697,61.0,22.9,7.2857,6.2917
voa-c9a59c1e-8f55-4cf9-889c-c278114b339e1,9.3739,53.1524,59.1398,33.5,12.5,8.4516
voa-c9a63c87-6295-4cef-87f6-6b222a3fd3b41,8.3934,65.4339,56.701,19.6,7.0,5.2762
voa-c9c3af6d-79ac-40f9-8782-86e11f99c8d21,8.7265,57.0963,53.0,24.2,9.5,5.5003
voa-c9c6e1b9-ba88-4007-a9e1-36f6da5df4631,8.312,61.2634,61.0,28.4,9.8,5.01
voa-c9e09557-ead3-4deb-9efc-2c57275dfcba2,10.99,29.2588,51.7543,45.1667,23.5,8.6253
voa-ca889f7d-f75b-4ff0-be5a-837f591763261,8.4181,63.865,65.0,26.8,9.0,6.4195
voa-cab6bd1e-1750-401a-b442-7ad9cf06debf2,10.6385,49.239,52.5711,20.8,10.3778,6.3524
voa-cac5a05b-a739-4343-a6d6-341f38b35aaa1,9.7629,32.6154,48.2759,23.4,14.8,5.3789
voa-caefeb72-de70-488c-aa8f-6e0ca52dcfb83,10.6971,37.6008,51.125,27.0,15.2667,10.157
voa-cb25d691-93fa-4b59-928f-1622047cf4621,9.9443,40.153,48.9362,27.8,14.0,8.5881
voa-cb2bb9f7-ad75-4c18-b0ab-32fcda87d4ce3,8.7921,59.9264,60.6981,24.1667,9.5833,5.8579
voa-cb4b194b-46e8-46ed-8182-c1f921865d253,9.5191,47.9942,52.058,23.4,11.8444,5.4415
voa-cb5431f2-50ed-43d0-8343-89a3c46d9d263,9.723,36.3428,49.0526,29.9667,16.25,6.6337
voa-cb7437c7-6285-48d5-aa74-699b70b674611,9.5687,43.4601,57.0,38.3,16.25,12.266
voa-cc37c9c8-18a8-419e-899b-a4482f313a4c1,8.6588,56.3757,54.0,20.7,8.8571,6.6863
voa-cc62166f-c16a-4f35-b89c-e5fe9cbb6ef51,9.2977,40.178,59.0,33.8,16.75,7.6341
voa-cc6c197a-b65e-4ed3-9d96-f3650ce95f743,9.7596,46.6765,52.1751,29.2667,13.4667,6.7491
voa-ccf7482a-0d2e-4592-8105-58d0e8dd5e7f2,9.7792,54.2567,58.2954,22.6,10.0111,6.0278
voa-cd873cd0-a072-4f86-9241-24ee18ca30073,8.0358,59.1292,54.2754,24.6333,9.5833,7.0017
voa-cd8f0f47-9c71-4eb5-a04a-e838cfcdef4b3,8.9499,58.6835,59.0317,22.9667,9.5889,6.021
voa-cdafd548-0fe7-46d7-a678-1ea48fe2a2503,9.4812,47.3026,51.8055,19.9333,10.5397,6.9735
voa-cdc47408-03e7-4c87-8062-f13622549b951,9.7646,43.639,51.0204,28.6,13.6,11.2125
voa-cdd83788-8a49-475c-94bb-9a336a93218d1,9.0343,54.0621,56.9892,32.0,12.25,8.4409
voa-ce0a58ee-7722-4e60-a0bb-d755cf542b712,9.5505,37.5541,48.0482,36.8667,18.9222,7.8849
voa-ce24e265-a764-4082-9230-76af0b6ae56c2,9.0984,56.7527,56.1509,20.9,8.7593,5.517
voa-ce339ec9-8962-4bea-9cb5-9e3bac3290003,9.9033,37.2462,51.6667,29.8667,16.5778,8.4543
voa-ce8cd771-6e17-4202-848d-79935afafd953,10.3781,38.7115,51.6762,25.1333,14.0556,6.9664
voa-ceeab327-c606-4742-bf54-77b45bac71c12,9.6218,45.6124,49.3012,29.9333,13.8,7.9298
voa-cf6f164c-ad60-4d03-aa7e-ffc9838112602,9.6541,48.6119,50.6626,22.0333,11.0,6.3083
voa-cf7744ab-6ec1-41ed-a76e-ba0d2b33d1b22,10.321,32.8084,50.3109,40.0333,20.4556,7.3323
voa-cff7a7e5-4d35-49b4-8f00-17e392e46a4e1,8.5397,58.859,56.7901,28.5,10.25,7.092
voa-d01d5581-8087-4445-941f-0a4f117856541,8.4618,64.0054,60.0,36.8,9.75,7.7981
voa-d026d45f-5da3-43fd-95ee-0dc3893146bc3,8.5711,54.0867,54.2373,29.8,11.7857,10.7143
voa-d034fb22-71b2-40a4-a702-01d1dd437d3e3,8.9703,55.715,55.5878,26.5667,10.9381,5.8531
voa-d0446252-b293-4a44-933c-c57872c757631,8.2642,64.2525,59.375,19.3,7.1429,4.4844
voa-d09e90c5-06da-4b77-9691-7a72ae317be63,9.0377,54.9023,57.451,27.3667,10.7333,5.8338
voa-d0a884a2-817b-41b1-95af-30d2ebea513f1,7.6108,67.3857,54.0,16.1,5.8182,4.4858
voa-d10cb584-021e-49f2-bea2-667666a143de2,9.8509,39.5934,49.209,26.8667,14.1389,6.4844
voa-d11442d7-113c-4932-8054-7cca14ca60322,8.8462,61.1708,58.0,32.3,10.1667,6.2771
voa-d14cd00c-8a39-43a1-a7d6-65c9fd7167a31,9.125,51.4934,55.0,28.8,12.4,10.0077
voa-d1ede725-fbb9-4762-9cb2-441838ad196b3,10.0211,39.9574,48.967,26.5333,14.4833,7.2511
voa-d205dc27-c455-4292-99f7-a2d1998aa6c92,9.4581,53.1527,45.0,30.7,11.8571,6.2801
voa-d2272bc6-385f-430c-99f7-55788cba999e2,7.4513,70.3987,66.0215,29.0667,7.25,7.8626
voa-d243c586-e702-42e0-977a-6cdc628d436a3,9.7423,57.6748,57.5327,22.0667,9.3167,5.5507
voa-d24b3118-3432-4887-abb6-80c8b406e3a31,7.7821,68.6548,58.0,20.4,6.625,3.5368
voa-d29d7cd9-9774-4bc2-9335-cc8868000d943,9.9294,45.343,57.096,31.9,12.9556,7.0321
voa-d2ad9a74-b286-4268-af0a-9ef9f28d61922,10.5471,34.2992,53.2738,33.0333,18.0667,9.8588
voa-d2d75cf7-a136-4982-b969-e394aaa461901,7.7536,61.6367,68.1159,19.4,7.6,3.8159
voa-d349da45-bcf6-495b-b186-556cef3e05b81,9.0369,54.0085,51.7241,23.4,10.4,6.3953
voa-d392a697-e2b8-43a4-b975-026a890e26b23,8.4022,56.931,54.7751,20.1,8.8016,5.6904
voa-d3c56cb0-0bfb-455a-8e91-ba6d2620f2523,8.7288,55.9579,59.1948,24.0667,9.9,7.5117
voa-d406dd4b-e2c8-4618-bda1-ee20028669341,6.8634,75.5883,68.0,17.3,4.8889,4.0415
voa-d46461fd-90b1-4341-b9e1-a2ecd22791cd2,8.3446,59.4342,56.8302,24.2333,9.1389,5.6851
voa-d4b71055-9860-4fdb-895b-657f9928ab5e1,10.5026,34.1848,48.6842,35.0,18.6667,10.8255
voa-d5112029-c587-44bd-8956-65cc03824d412,9.3764,43.2554,45.7426,27.0667,13.9167,6.6134
voa-d5333e67-4a2d-482d-a905-d47e3a47b8c91,9.0115,57.5807,57.6087,25.4,10.0,6.8708
voa-d557af63-3789-4740-9ee9-e0a603f894ce1,10.635,33.9815,45.8824,29.8,16.75,7.6025
voa-d569b434-d560-49f0-afbd-5cf219d8c84f2,9.0602,50.0616,52.5063,27.1667,12.2333,5.9679
voa-d5bad9f3-abe4-435f-9a2f-79d8644e0d571,8.1172,38.0633,52.5,36.7,18.0,11.4171
voa-d6c11894-3808-4d24-9ce9-70484e5b792a2,7.6374,69.111,68.0,27.9,7.6667,5.521
voa-d6c81b8b-7afd-4e0b-9bec-e6843ea839862,9.7498,35.3953,46.2587,29.0667,16.2889,6.3332
voa-d7913f9e-eca7-435a-acda-e3cfc470c0292,9.5111,49.2326,52.7003,21.4667,10.3889,5.5178
voa-d7d6e932-8510-4dea-b377-a77ba89b9afd2,10.2097,38.1531,47.8424,26.9667,14.9667,7.1703
voa-d7e016a1-da1a-4707-9f90-ed3134e1ea731,10.3729,42.0557,54.2169,28.0,14.5,7.372
voa-d844b3e9-6867-4592-9e19-bbaaa04ba8832,10.0379,34.4964,45.3131,28.6,16.6222,8.6927
voa-d85971f2-da27-4f89-be79-919b604c9d241,9.11,49.6993,57.0,35.8,14.0,9.3322
voa-d86c509f-7569-411a-a06f-bd095b0d99be2,9.7396,55.7373,51.8116,22.2,9.3833,5.3802
voa-d90e38e1-b1a4-4981-9f3a-ae20a4ae0a832,9.2297,46.6041,51.266,25.9333,12.8,7.4561
voa-d923c096-9025-4cb3-800a-24939ed93f4f3,10.2851,38.8332,52.591,23.1667,13.4857,7.9733
voa-d9984b58-096b-4605-8b4b-211422853fe61,9.2493,34.4552,56.3218,40.0,20.0,17.4702
voa-dadf74ac-56c0-4378-a13c-96aa0b8fba182,9.7597,44.1975,55.5382,31.2,15.0278,5.6992
voa-db50b4ce-4111-43a2-87bc-b66fa14d14d62,8.3725,48.204,67.3239,56.7667,15.6778,10.7566
voa-dbfa2ffb-6525-4d79-b79f-aa89fb7a70e62,8.3157,56.222,64.2503,24.9,9.9333,5.6163
voa-dc0907fd-7e39-423d-956b-1b9dfe3cd4892,8.6815,49.3326,58.2217,34.1333,14.8333,9.899
voa-dc4c63a2-e832-4007-9f2e-140f8b3630fa3,10.3962,37.8749,49.0525,26.5333,14.85,7.5593
voa-dca200e8-4653-455f-9d9c-a54350f713be2,10.134,28.1546,45.6311,27.7,17.6444,7.3918
voa-dcccf5c7-963f-498a-a8eb-3bf415d450711,10.4192,48.525,59.375,33.8,14.0,6.1419
voa-dd196976-54d6-4828-a3b0-a1e8aa6daed83,9.8069,41.8142,56.6842,36.3,17.0667,8.2286
voa-dd4ecb60-edd8-4889-97d0-341c78352ebb1,9.4308,47.0966,58.6207,40.3,15.6667,7.7754
voa-ddac2a14-80ba-4cd5-8f74-39e9c6d1cbe63,8.2901,59.8501,61.0449,23.5667,8.4095,5.7154
voa-ddc63e1d-e8bb-4e1e-a701-6717f4dc486e3,9.7699,40.9563,50.5787,30.4667,15.7857,9.3554
voa-ddf0a9df-0b7f-490f-b41d-16c8776b190d1,7.866,71.531,61.0,18.1,5.6667,4.4066
voa-ddf92f78-000e-4181-be6d-a26da5887fd62,10.7217,34.6382,51.188,37.0,19.3333,7.5971
voa-de0c5f28-ab82-409e-88cf-02d4c15edfa52,8.8838,52.8409,61.138,26.7,11.1944,6.5527
voa-dec23a4d-50ce-42c0-aa43-8602110389712,9.4956,49.3223,52.0345,21.5,10.2556,5.0262
voa-deed5754-d489-49ed-9c17-724989c6d8161,8.3128,50.47,58.0,28.8,12.1667,8.0887
voa-dfa598b4-f721-4d79-aad0-09532c2d74d61,9.2397,39.1183,48.913,31.0,16.25,8.3363
voa-dfde50a7-8eea-467e-9f05-4ce341aa112e2,10.6716,45.1902,49.2265,29.4333,13.9167,8.8061
voa-e04232e4-20a7-498d-84ff-4fa70f4861223,8.9236,64.5726,63.8683,29.7333,8.6603,7.6667
voa-e05da19a-58ca-4f2f-94d0-b69353757b922,9.0176,47.1898,50.5587,24.4333,12.3413,4.8228
voa-e0d9c28d-0cb9-4006-ad97-489af98c632f1,8.7867,48.2016,54.0,28.2,12.8333,9.7238
voa-e0e69090-e653-466c-9f0f-8152aa4c6ae33,10.532,37.6833,48.0,31.0667,16.2167,9.0694
voa-e0eac8ac-1c62-470a-8ea7-132638f7212d2,11.1359,33.4771,49.0937,32.7,18.4167,7.7925
voa-e11fa1a2-8596-41c0-b20d-7d3afd3493ef3,7.1828,66.6325,61.3112,21.0333,7.1019,5.1937
voa-e183a232-9de5-4eb7-8a4c-4072be331f033,9.3717,52.246,61.2321,26.9667,12.3556,8.8988
voa-e1947da4-8d9c-4009-94b9-c7d57ee47db03,8.4153,52.5336,53.4685,15.8,8.119,3.6732
voa-e198551a-2818-4330-940c-6dd3347557293,10.4275,39.6531,48.3863,23.3667,13.0595,5.3607
voa-e1ac47fe-dcd8-4c88-b665-4ee78040262f3,9.2978,44.791,57.9733,39.7667,15.6944,9.4442
voa-e1ecad4b-290b-462c-8e19-70392d2c55651,9.4498,54.5196,57.1429,32.0,12.0,5.6952
voa-e2221647-e784-4369-964a-902a83adf8022,8.179,45.0296,50.6944,26.4333,13.2333,5.707
voa-e22ba57f-f216-4db9-bfed-2a2f7793c63f2,8.2229,63.6969,60.9642,23.8667,8.6619,6.6623
voa-e29ba8b9-f4dc-4a48-91df-8610c6b9be723,7.737,56.8479,62.8906,31.5667,10.4583,7.2293
voa-e2c88e31-1b8f-4893-a8ce-b32ce55c4e2b2,7.4841,69.8868,56.0,26.5,7.2,5.7683
voa-e345a793-922d-42c2-b284-edcd1654c6f82,10.1117,34.1706,41.7418,23.4333,14.6,5.6629
voa-e347e849-fdb7-4028-aa87-2915ee78e74b3,7.7075,58.3696,62.229,25.1,9.7333,5.2718
voa-e434cccd-fa21-4d90-8f61-b94032dea45b3,9.2029,48.3864,57.1878,27.0667,12.6333,7.9574
voa-e43ff4ac-3fc5-42db-89b1-129c3e1b5d571,7.623,53.8125,62.5,34.5,12.5,10.8705
voa-e469af85-6554-4bb1-b090-b1ea2cc5cf2a1,8.9988,47.2484,54.0,36.0,15.0,9.7731
voa-e480e78c-18e7-4e50-8998-eb5640a50e883,10.072,42.7365,46.6667,20.8667,11.5873,5.52
voa-e4d5818f-c900-4e3e-96f3-a8b7305a9fad1,9.8832,48.604,55.914,31.8,13.75,8.4623
voa-e4e96e46-95fa-4187-85e7-9ad41a9b1e8b2,9.0935,50.403,62.4886,42.5,14.4444,7.1972
voa-e4fbfb2f-4acf-4062-a50a-e9f01cdba9301,8.1753,63.7419,60.0,21.0,7.8571,6.1586
voa-e5024579-6847-4a21-a45b-42f39b1db23a1,7.861,64.1758,59.1398,19.0,7.0,6.9381
voa-e55eab8e-9421-41c4-b97f-8a4f1c6d79841,7.9985,64.6875,59.0,26.5,8.6667,7.7453
voa-e58bf4c9-473e-47df-8d3b-14ecd34b16002,9.3847,63.8411,60.1668,19.1,7.2952,5.0803
voa-e5afcdd4-da5f-4517-bc05-fc746b7a644b2,8.1621,53.0756,53.809,31.8333,12.0278,6.2811
voa-e6d167bd-bb09-4720-8a6b-f3dcc225da4b2,10.7994,38.6382,48.7142,19.3,11.7619,4.8573
voa-e6ec7105-ff93-4217-812a-12832c7656ef1,8.6218,54.0152,56.0,32.2,12.2,7.6757
voa-e7037d94-5456-4002-9ef5-50628a88c87c2,9.2991,49.6381,53.0422,32.6,12.4889,6.5007
voa-e8133d9d-ff1e-490b-947d-b2d7db46f0ba3,8.3497,45.52,55.9063,32.3333,14.4444,7.3299
voa-e88f59b9-6168-420e-98f2-c2a8353d00741,9.087,56.3506,54.0,24.8,9.8333,4.9733
voa-e8e71681-5049-43c5-a99b-2179d3709f541,8.0541,52.1702,60.2564,20.8,10.0,6.7494
voa-e906f655-d8c9-421e-8cd2-b4619e5a5d163,8.2288,65.8213,62.0842,23.4,8.0,4.3629
voa-e948c4da-af36-4ff7-8ada-ce5f6a88b5581,9.3437,54.39,56.0,29.5,11.5,7.3766
voa-e9aeb338-f162-400f-9358-6ec35ef178853,9.0205,39.3748,54.6658,29.6,16.7,8.0197
voa-e9b8fe8d-18f5-4104-87ee-556b79f3dd903,9.3985,52.1887,55.5669,30.5667,12.6317,6.5358
voa-e9ceb084-ea78-401b-88a4-a5c8ec4a777e3,8.5517,56.1683,58.8889,22.3333,9.4881,6.3925
voa-e9d82064-cc25-466b-8d0a-565166762d7f2,9.3413,46.2525,53.3496,25.1,12.3333,6.8448
voa-e9d8f11a-ebc1-4d26-bd6a-c73d3daa86d32,10.9161,27.9733,48.4596,25.3333,16.8714,12.3336
voa-ea3e6fca-899f-4b48-b9ec-e2b2f1ad96652,9.1859,62.1746,57.3127,25.3,8.8222,5.9737
voa-ea7cb61e-9cbc-4ce6-8a8c-339b485931e63,9.7004,51.7587,53.7987,26.9667,12.1167,5.5904
voa-eab39f13-4119-45b1-8169-0e5d98f534b32,10.1246,46.5743,45.5,24.7,12.2222,5.3928
voa-eafee72c-fc26-4941-a0cf-bcf0de5861d72,8.104,60.9732,62.9326,27.0,9.75,7.5257
voa-eb00420f-abf6-4553-917b-2a0dbbe4c1862,10.8211,32.3042,50.0833,32.3,18.8222,9.2762
voa-eb11d4d3-cda0-4e74-acd7-4ab8a72b27372,7.7577,65.0498,56.6603,16.7333,6.3583,4.2227
voa-eb41b6f6-38cc-4568-9256-5016e93e014d1,9.8404,40.1775,44.4444,30.8,15.75,5.6242
voa-ebd11fd4-0402-4444-b62a-848669f8ad431,8.6499,54.6509,51.6129,21.5,9.5,4.2877
voa-ebe8de7a-409d-4b4c-a339-1d1a6eb918912,9.5431,55.2122,55.2334,24.3,10.4111,5.9644
voa-ebea3e0f-9ec3-43ba-81a7-6d95cba3a5523,9.6015,36.1023,53.6667,36.4333,18.5333,9.2896
voa-ebf704d7-4861-4a1c-bb25-9cda6d527aff3,8.8099,55.8838,64.1203,28.9333,11.2278,7.0674
voa-ec6a19aa-0c92-4fd2-8e8c-e82d56be0d323,9.6723,51.3566,57.0575,23.8333,10.8333,4.911
voa-ec715f3b-9313-4002-9ea8-17e7dbd4298e1,8.7974,55.3299,55.0,29.6,11.2,4.9588
voa-ecf7cb96-7005-47e5-9d08-124d7e23cbb92,10.7133,39.7942,50.4965,26.7,14.0889,6.1471
voa-eda68da4-7cc7-46ad-bfe3-bc7560875a322,9.2149,49.1944,53.6897,23.7333,11.1389,5.1104
voa-edaa2e73-e366-4fd0-ba11-603dff763a3c1,10.2865,27.493,49.4845,44.7,23.6667,14.3199
voa-edcc4c6e-a9d8-41ed-9f2b-22e0307105c11,9.2511,47.5088,45.8333,19.7,9.8571,5.2292
voa-eddaff46-d256-471b-9ff7-ad66348f86be1,8.1989,52.2689,58.0,20.1,9.5714,7.9023
voa-edef9f79-11a0-4c77-b536-08ff619968191,9.8697,39.1894,50.0,24.8,14.0,6.8979
voa-ee018e91-8f62-4cb6-9b55-e0a931b60c4b1,6.753,75.9617,69.0,17.1,4.7778,3.4723
voa-ee13624d-f938-445e-b8ed-540e06de30fc3,8.4662,58.7873,58.8445,20.4333,8.5873,4.5586
voa-ee1b8fb6-489c-407e-82d5-66a0ec73d0e12,10.0068,42.2693,52.4706,25.4667,13.4667,7.2027
voa-ee212f3c-e195-41f6-b98a-9f52a17147113,9.051,33.287,47.2982,32.2,17.996,8.1809
voa-eeacc541-29f8-406b-99bf-7ca2b96ff6472,10.0906,45.0223,56.3032,32.7,14.7222,6.6213
voa-eef7cde5-d1b5-4664-85e9-2d1c0500e8cd1,8.9593,46.6608,69.1358,57.0,16.5,11.5893
voa-ef4fcff2-3813-47aa-82f1-c32412d1c5661,8.4747,62.4934,58.1633,22.7,8.3333,6.2598
voa-ef58b00e-0177-4a12-8277-3cc5b66f582a1,8.1691,58.3473,54.0,20.4,8.5714,6.7542
voa-efbb4366-b244-48c7-8154-b9a52ee09bc21,11.145,37.7613,55.2083,43.7,19.6667,10.9691
voa-efe9ed5c-3c55-4146-9a6d-dc1237a7b49f3,9.7823,42.2407,56.1655,28.1,14.2222,7.1678
voa-f02e0086-af4f-42a1-b0a7-4664e68ad1691,8.5663,57.7769,56.338,20.2,8.4,7.5706
voa-f047f4fa-2de9-4428-91fc-e47970f7a6e31,7.6258,59.2437,62.0,22.7,9.2857,7.0306
voa-f05d7b88-cc77-4284-858f-cae9c6bc23133,7.5623,61.7318,64.2768,31.1,9.3389,6.7618
voa-f0ef4677-0aa8-4965-a50a-3e2d789aa3e72,8.9163,42.9088,49.9444,22.8,12.5333,6.6433
voa-f106684d-b940-4ba4-912e-6e5c0c9e64da1,8.3905,60.6884,60.0,28.0,9.8,7.7036
voa-f1c0f7ba-4ac1-4677-bfd4-0deb82bff47d3,8.1348,61.9852,62.7194,23.3333,8.4722,5.5551
voa-f1d10c2a-c74d-414d-9c46-2d9b814532dc1,10.543,26.4528,58.1395,58.5,26.5,9.5949
voa-f21619ce-44f6-4c3a-bd97-547fdae3bcac1,9.0506,50.7708,54.9451,24.4,11.4,5.6897
voa-f2c8cbaf-86c5-4097-be39-e39db4b8e1923,9.4277,47.6005,53.3275,22.7333,11.2333,6.5599
voa-f311b98f-0699-4ba1-9255-b1ae74401aa03,9.8696,41.717,49.7493,32.5,15.8611,9.0028
voa-f346ddcd-b6c0-41ac-a4e8-4df944f99d302,8.9342,50.0526,52.8014,27.0667,11.6159,6.8701
voa-f3d45288-4858-4be7-8fd0-60c7e70a7af62,9.6251,52.4702,55.9039,31.2,12.1944,7.4839
voa-f42fd597-6b7d-451b-855b-a60e7dc1a8c42,7.5931,67.9771,64.4716,25.4,7.65,6.1267
voa-f46f16ef-d1b7-425e-888b-8d6791132f503,8.635,54.5506,59.8226,30.6333,11.5111,8.3751
voa-f484fec7-7c43-4ac3-855b-cf0783e114211,9.0016,50.5629,61.9048,28.8,12.5,7.4399
voa-f4c7dd54-6ebc-4297-833a-c3d00ea54aff3,8.3963,51.5379,61.0,28.6667,11.4444,5.8369
voa-f4f4cec7-00be-439f-967b-a1e8159ac2d53,8.753,48.1332,61.4815,44.3667,15.9683,10.0448
voa-f5024796-3c69-4027-a921-450dfb9870d92,10.7904,42.8199,50.2668,28.2667,13.5595,6.2135
voa-f5260fe6-5657-4b74-9b9a-6aa7470553c53,8.5688,55.9906,61.3333,31.9667,11.6032,8.587
voa-f5684ffb-e24f-40fe-a59c-044ce3b09b803,11.0786,39.4231,49.9634,26.3333,14.4056,8.7247
voa-f5ae2bfd-751c-4f8c-bbeb-cb795ccafe092,9.0573,55.081,47.0,27.6,10.9167,6.775
voa-f65916bc-0e29-4bed-b676-94b20b9edf223,8.7869,50.2617,58.538,29.7333,12.9889,7.1426
voa-f6fe3c9e-5d88-4c9c-bc64-a8348298c50c3,8.9327,52.451,50.104,21.3667,9.9167,6.1512
voa-f7babf4f-f885-40ea-a3b8-c30a1882a50c1,10.5422,33.5975,51.1111,30.8,17.5,6.7216
voa-f80fba89-2e38-437a-818c-3ac900c462972,8.2882,51.4032,60.3379,40.0333,14.9,9.3115
voa-f8e68e46-99b4-439e-b71c-eb00b879a98a3,9.3264,62.7826,62.9972,22.5,8.4222,4.7723
voa-f8e95374-3b63-4555-a90c-edf83d1fbc423,8.3326,54.8406,54.4397,22.8333,10.1278,4.7415
voa-f8fe6b67-c984-418b-bd15-adbe4586feaf1,9.0907,59.0088,59.5745,16.9,7.125,5.0785
voa-f91efbc5-7c19-4078-969c-aead8c3fdfbe1,9.8392,40.177,55.0,28.0,14.6,7.659
voa-f97eb8c6-94d7-4d52-a88e-2beb4bc3b8d92,8.7091,51.5246,52.4214,22.3,10.2984,5.1119
voa-f9b63a11-d323-42ed-8aa7-e8668950b3023,8.5283,55.7366,54.8289,23.5,10.4667,4.8904
voa-fa2be461-f97a-4a85-90ab-a57a3800a0632,8.2646,55.7968,54.773,25.4333,10.1048,5.5398
voa-faae5834-6400-45a4-b931-f73f7c2c39502,8.6324,54.1964,58.0,28.6,11.2857,6.2099
voa-fb29baca-2a85-46d7-b0c9-42b61923ebca1,9.2419,50.061,56.8421,22.2,10.5,6.0339
voa-fb66ddec-c03c-47ff-81e8-840ae356bae53,8.5112,55.2405,59.0741,29.0333,10.7556,7.1263
voa-fb692442-57b7-45a1-8147-ec8ecc1819df1,9.1322,45.2332,48.3146,24.2,12.4,9.9912
voa-fb8e2458-bbc9-4294-a9a3-10ab65ac14332,8.9759,44.9807,54.5251,29.2667,13.8,7.3432
voa-fb97dd54-ead7-42e1-9a2b-183f99d4f3b52,8.5468,60.3792,53.9685,26.1333,9.8,6.9254
voa-fbf2b69a-5872-4ac1-bdac-5434263c31f43,9.5157,49.729,55.0783,32.6333,13.5917,8.5988
voa-fbf944c4-71a2-4d90-8b8a-006b8bc397f52,8.587,55.1362,50.3098,23.9667,10.3833,6.5629
voa-fc03d0cf-3aae-42b0-8a7b-799533ac3bce3,10.3192,49.2764,51.7749,20.3333,10.6944,5.906
voa-fc44c964-61fd-48b4-82ac-3934d22d9d713,9.4139,42.0627,53.8638,25.4667,13.1333,7.691
voa-fc8a2d48-c2fe-4e54-945c-d930050a4bd41,10.0076,41.2553,50.0,34.3,16.25,9.0271
voa-fc8c8418-93c4-4877-8623-e91677473a551,9.8321,41.9848,55.814,38.3,17.3333,9.5949
voa-fcdb161a-2420-42bc-887c-1452477f02552,9.1826,42.2676,56.1703,23.2,12.6148,5.9257
voa-fd2469dd-4a35-4110-bffe-bb235c71dd483,8.9097,46.4706,56.7708,31.2667,14.6889,5.6849
voa-fd274595-8738-47dc-be2b-b304eb3dd5ef1,9.2184,44.2843,51.7241,24.0,12.4,5.3617
voa-fd3e6283-5018-4af4-9e3a-2db85f1c0b812,9.6341,49.3739,45.5986,22.3,10.9365,5.7873
voa-fd4f56ad-0512-45f6-9969-b4c459c623d82,9.8245,41.9183,56.0834,29.2,14.65,6.8285
voa-fd821e47-7840-4f90-b293-1597d34df32e3,8.0478,58.5389,59.5318,29.4,10.65,7.5855
voa-fdffae13-9c9b-4131-a0a2-6827f00cdf3b2,8.3674,54.6937,48.0,21.9,9.3529,4.4557
voa-fe0cdee7-87e0-4b8d-bafd-82dfe288da581,8.6018,47.3784,56.5657,22.3,11.3333,6.3472
voa-fe1c71ba-4779-4d61-b634-5d52455c1c602,9.29,54.3215,54.7585,21.3333,9.4444,5.8014
voa-fe1d5af3-c597-4212-8c46-0795d0f738cd3,9.1528,47.6276,59.9395,39.0333,15.5833,10.8175
voa-fe8b0cd1-4a06-4ca9-a2a9-6d1f575a85c63,10.0378,42.5925,52.3578,25.7667,13.6944,5.548
voa-fea9d9a7-7674-454c-abec-24beba0ae1723,8.4688,49.9057,57.9565,27.6333,11.8389,6.8762
voa-fec47638-b5f7-42c0-b26c-4aedf951ac573,10.5766,41.2132,49.5921,30.4333,15.6333,5.8397
voa-fed85077-e1dc-4c01-945e-0dc2bca572ae2,8.7883,54.9122,53.7846,22.7667,9.95,5.3889
voa-feed5ef0-f368-4d3a-832e-6cadfdf3f4c82,9.7046,41.845,53.3333,28.5667,14.3762,6.2305
voa-ff143671-eb57-4db4-9b34-d5555cf5f7773,9.0239,54.4027,59.2125,27.8667,10.9333,6.7433
voa-ff3a8b1c-d177-48ac-b1f9-2fe25c03293a1,9.3179,60.7551,59.0,24.5,8.8333,6.5365
voa-ff439778-04e3-4240-8932-b90db23bdd4e2,9.4211,49.7575,52.1553,22.5333,10.6944,5.7475
